common_name,ebd_checklists_with_species,ebd_localities_with_species,first_observation_date,last_observation_date,ebd_seen_once,low_statewide_records,top_locality_name,top_locality_checklists,top_locality_share,concentrated_at_single_locality,cluster_center_locality_name,cluster_radius_miles,cluster_checklists,cluster_share,concentrated_near_single_location,rarity_chase_flag,rarity_chase_reason,suggested_exclude_from_iconic
Black-necked Swan,1,1,2/26/21,2/26/21,TRUE,TRUE,Fort Boykin Historic Park,1,1,FALSE,Fort Boykin Historic Park,5,1,1,FALSE,TRUE,Seen on only one EBD checklist statewide,yes
Bulwer's Petrel,1,1,9/2/06,9/2/06,TRUE,TRUE,Chesapeake Bay Bridge-Tunnel (Northampton Co.),1,1,FALSE,Chesapeake Bay Bridge-Tunnel (Northampton Co.),5,1,1,FALSE,TRUE,Seen on only one EBD checklist statewide,yes
Emu,1,1,10/9/25,10/9/25,TRUE,TRUE,Lone Star Lakes,1,1,FALSE,Lone Star Lakes,5,1,1,FALSE,TRUE,Seen on only one EBD checklist statewide,yes
Long-eared Owl,1,1,1/4/21,1/4/21,TRUE,TRUE,Blandy Experimental Farm/State Arboretum of Virginia,1,1,FALSE,Blandy Experimental Farm/State Arboretum of Virginia,5,1,1,FALSE,TRUE,Seen on only one EBD checklist statewide,yes
Redpoll,1,1,1/1/26,1/1/26,TRUE,TRUE,Warbler Creek Farm,1,1,FALSE,Warbler Creek Farm,5,1,1,FALSE,TRUE,Seen on only one EBD checklist statewide,yes
South Polar Skua,1,1,10/30/12,10/30/12,TRUE,TRUE,Chesapeake Bay Bridge-Tunnel (Northampton Co.),1,1,FALSE,Chesapeake Bay Bridge-Tunnel (Northampton Co.),5,1,1,FALSE,TRUE,Seen on only one EBD checklist statewide,yes
Vega Gull,1,1,2/26/15,2/26/15,TRUE,TRUE,Cape Charles Beach,1,1,FALSE,Cape Charles Beach,5,1,1,FALSE,TRUE,Seen on only one EBD checklist statewide,yes
Short-billed Gull,5,2,12/19/02,12/19/02,FALSE,TRUE,Chesapeake Bay Bridge-Tunnel (Northampton Co.),3,0.6,TRUE,Chesapeake Bay Bridge-Tunnel (Northampton Co.),5,5,1,TRUE,TRUE,Low statewide records and 60% of checklists are at one locality,yes
Clark's Grebe,10,4,12/31/02,12/31/05,FALSE,TRUE,Joint Expeditionary Base Fort Story,6,0.6,TRUE,Joint Expeditionary Base Fort Story,5,10,1,TRUE,TRUE,Low statewide records and 60% of checklists are at one locality,yes
Brown Noddy,15,3,9/2/06,8/9/20,FALSE,TRUE,"Atlantic Ocean (37.031, -74.957)",13,0.866666667,TRUE,"Atlantic Ocean (37.031, -74.957)",5,14,0.933333333,TRUE,TRUE,Low statewide records and 86.7% of checklists are at one locality,yes
Black-whiskered Vireo,20,2,9/15/20,9/16/20,FALSE,TRUE,Kiptopeke SP--Raptor Trail,15,0.75,TRUE,Kiptopeke SP--Raptor Trail,5,20,1,TRUE,TRUE,Low statewide records and 75% of checklists are at one locality,yes
Gray Heron,2,2,10/31/20,11/9/20,FALSE,TRUE,Edward S. Brinkley Nature Preserve,1,0.5,FALSE,Chincoteague NWR* (general area),5,1,0.5,FALSE,FALSE,,
Hammond's Flycatcher,2,1,1/15/24,1/15/24,FALSE,TRUE,Riverbend Park,2,1,FALSE,Riverbend Park,5,2,1,FALSE,FALSE,,
Orange-cheeked Waxbill,2,2,8/20/11,9/4/11,FALSE,TRUE,Huntley Meadows Park--Observation Tower,1,0.5,FALSE,**HUNTLEY MEADOWS PARK,5,2,1,FALSE,FALSE,,
Red Junglefowl,2,2,3/15/20,10/25/25,FALSE,TRUE,"8160 Waterfall Drive, Hollins, Virginia, US (37.353, -79.925)",1,0.5,FALSE,"8160 Waterfall Drive, Hollins, Virginia, US (37.353, -79.925)",5,1,0.5,FALSE,FALSE,,
Cockatiel,3,3,6/19/13,7/19/15,FALSE,TRUE,CBBT--South Thimble Island (#1),1,0.333333333,FALSE,Sunset Drive - Broadway,5,1,0.333333333,FALSE,FALSE,,
Cinnamon Teal,4,4,4/15/11,1/29/21,FALSE,TRUE,Back Bay NWR - Impoundments,1,0.25,FALSE,Back Bay NWR - Impoundments,5,2,0.5,FALSE,FALSE,,
Trindade Petrel,4,3,9/19/03,7/7/11,FALSE,TRUE,CBBT--South Chesapeake Island (#3),2,0.5,FALSE,CBBT--South Chesapeake Island (#3),5,3,0.75,FALSE,FALSE,,
Western Wood-Pewee,4,2,10/12/03,10/21/11,FALSE,TRUE,Kiptopeke State Park,3,0.75,FALSE,Kiptopeke State Park,5,3,0.75,FALSE,FALSE,,
White-tailed Tropicbird,10,5,9/19/03,9/3/16,FALSE,TRUE,Chesapeake Bay Bridge-Tunnel (Northampton Co.),4,0.4,FALSE,Chesapeake Bay Bridge-Tunnel (Northampton Co.),5,6,0.6,FALSE,FALSE,,
Helmeted Guineafowl,13,9,8/25/15,6/11/25,FALSE,TRUE,Braley pond entrance,2,0.153846154,FALSE,Bray Road,5,2,0.153846154,FALSE,FALSE,,
Indian Peafowl,14,8,11/18/16,3/5/26,FALSE,TRUE,Magothy Bay Natural Area Preserve,7,0.5,FALSE,Magothy Bay Natural Area Preserve,5,9,0.642857143,FALSE,FALSE,,
Magnificent Frigatebird,20,15,8/15/02,5/20/22,FALSE,TRUE,**Back Bay NWR,4,0.2,FALSE,**Back Bay NWR,5,6,0.3,FALSE,FALSE,,
Budgerigar,23,18,5/25/12,10/11/25,FALSE,TRUE,Plum Point Park,3,0.130434783,FALSE,Plum Point Park,5,3,0.130434783,FALSE,FALSE,,
Graylag Goose,27,18,1/29/06,3/27/26,FALSE,FALSE,Roanoke River Greenway--Riverside Drive,4,0.148148148,FALSE,Roanoke River Greenway--Riverside Drive,5,6,0.222222222,FALSE,FALSE,,
Chukar,28,26,12/10/10,7/7/25,FALSE,FALSE,Lake Hanover Nature Trail,2,0.071428571,FALSE,Crystal City Water Park,5,12,0.428571429,FALSE,FALSE,,
Egyptian Goose,30,9,8/27/12,1/20/26,FALSE,FALSE,Botetourt Center at Greenfield,16,0.533333333,FALSE,Botetourt Center at Greenfield,5,18,0.6,FALSE,FALSE,,
White-tailed Kite,32,3,4/3/04,5/13/23,FALSE,FALSE,2015 White-tailed Kite area (actual location was on restricted private land nearby),28,0.875,TRUE,2015 White-tailed Kite area (actual location was on restricted private land nearby),5,28,0.875,TRUE,FALSE,,
Mandarin Duck,36,22,1/4/11,2/6/26,FALSE,FALSE,Beaverdam Reservoir,4,0.111111111,FALSE,Beaverdam Reservoir,5,8,0.222222222,FALSE,FALSE,,
Band-rumped Storm-Petrel,38,18,6/4/02,7/12/20,FALSE,FALSE,"Atlantic Ocean (37.031, -74.957)",7,0.184210526,FALSE,"Atlantic Ocean (37.031, -74.957)",5,8,0.210526316,FALSE,FALSE,,
California Gull,40,13,2/10/02,3/3/21,FALSE,FALSE,Prince William County Landfill,7,0.175,FALSE,Prince William County Landfill,5,9,0.225,FALSE,FALSE,,
White-cheeked Pintail,42,8,9/4/10,10/8/22,FALSE,FALSE,Chincoteague NWR* (general area),24,0.571428571,FALSE,Chincoteague NWR* (general area),5,41,0.976190476,TRUE,FALSE,,
European Goldfinch,43,5,3/11/17,9/11/21,FALSE,FALSE,Leesylvania State Park,39,0.906976744,TRUE,Leesylvania State Park,5,42,0.976744186,TRUE,FALSE,,
Townsend's Warbler,43,11,10/8/04,9/27/25,FALSE,FALSE,Mount Trashmore Park,19,0.441860465,FALSE,Mount Trashmore Park,5,26,0.604651163,FALSE,FALSE,,
Townsend's Solitaire,44,25,11/19/07,12/29/18,FALSE,FALSE,"stakeout Townsend's Solitaire, Williamsburg (2008)",12,0.272727273,FALSE,"stakeout Townsend's Solitaire, Williamsburg (2008)",5,33,0.75,TRUE,FALSE,,
Garganey,47,7,9/6/10,5/6/20,FALSE,FALSE,Chincoteague NWR--Wildlife Loop,25,0.531914894,FALSE,Chincoteague NWR--Wildlife Loop,5,47,1,TRUE,FALSE,,
Curlew Sandpiper,48,7,7/30/02,8/22/24,FALSE,FALSE,Chincoteague NWR--Swan Cove,21,0.4375,FALSE,Chincoteague NWR--Swan Cove,5,40,0.833333333,TRUE,FALSE,,
Monk Parakeet,50,22,9/20/02,7/4/21,FALSE,FALSE,Stoneybrook Monk Parakeet Roost,8,0.16,FALSE,Stoneybrook Monk Parakeet Roost,5,37,0.74,TRUE,FALSE,,
Lucy's Warbler,53,4,12/31/16,1/6/17,FALSE,FALSE,Edward S. Brinkley Nature Preserve,50,0.943396226,TRUE,Edward S. Brinkley Nature Preserve,5,53,1,TRUE,FALSE,,
Arctic Tern,60,15,9/19/03,6/16/24,FALSE,FALSE,Chincoteague NWR* (general area),21,0.35,FALSE,Chincoteague NWR* (general area),5,39,0.65,FALSE,FALSE,,
Yellow Rail,64,13,12/29/07,3/28/26,FALSE,FALSE,Chincoteague NWR--Marsh Trail,35,0.546875,FALSE,Chincoteague NWR--Marsh Trail,5,46,0.71875,TRUE,FALSE,,
Gray-crowned Rosy-Finch,66,12,2/9/24,2/19/24,FALSE,FALSE,Mount Pleasant Scenic Area,31,0.46969697,FALSE,Mount Pleasant Scenic Area,5,66,1,TRUE,FALSE,,
Bridled Tern,67,21,9/7/02,8/9/20,FALSE,FALSE,"Atlantic Ocean (37.048, -74.607)",13,0.194029851,FALSE,"Atlantic Ocean (37.048, -74.607)",5,28,0.417910448,FALSE,FALSE,,
Snowy Plover,72,6,9/5/25,9/14/25,FALSE,FALSE,Chincoteague NWR--Toms Cove Hook (no access Mar 15-Aug 31),49,0.680555556,TRUE,Chincoteague NWR--Toms Cove Hook (no access Mar 15-Aug 31),5,72,1,TRUE,FALSE,,
Black-chinned Hummingbird,76,25,11/28/04,1/22/25,FALSE,FALSE,"stakeout Black-chinned Hummingbird, Blackwater Road (2019)",21,0.276315789,FALSE,"stakeout Black-chinned Hummingbird, Blackwater Road (2019)",5,29,0.381578947,FALSE,FALSE,,
Mottled Duck,83,11,6/14/18,6/15/23,FALSE,FALSE,Historic Port of Falmouth Park,35,0.421686747,FALSE,Historic Port of Falmouth Park,5,57,0.686746988,FALSE,FALSE,,
Northern Wheatear,84,26,10/2/10,9/29/19,FALSE,FALSE,Kiptopeke SP--Fishing Pier,24,0.285714286,FALSE,Kiptopeke SP--Fishing Pier,5,26,0.30952381,FALSE,FALSE,,
White Wagtail,86,24,4/12/21,4/19/21,FALSE,FALSE,Fort Monroe,60,0.697674419,TRUE,Fort Monroe,5,86,1,TRUE,FALSE,,
Bicknell's Thrush,87,19,5/19/02,10/10/25,FALSE,FALSE,Tidewater Arboretum (Virginia Tech Display Gardens),41,0.471264368,FALSE,Tidewater Arboretum (Virginia Tech Display Gardens),5,45,0.517241379,FALSE,FALSE,,
Bell's Vireo,88,5,9/18/10,9/22/25,FALSE,FALSE,**Back Bay NWR,45,0.511363636,FALSE,**Back Bay NWR,5,46,0.522727273,FALSE,FALSE,,
Barnacle Goose,90,37,1/6/02,1/31/26,FALSE,FALSE,Cameron Run,29,0.322222222,FALSE,Cameron Run,5,59,0.655555556,FALSE,FALSE,,
White-winged Tern,91,8,9/6/02,5/15/22,FALSE,FALSE,Chincoteague NWR* (general area),38,0.417582418,FALSE,Chincoteague NWR* (general area),5,91,1,TRUE,FALSE,,
Black-throated Gray Warbler,97,28,12/28/03,1/1/26,FALSE,FALSE,"stakeout Black-throated Gray Warbler, Shore Drive (2020)",40,0.412371134,FALSE,"stakeout Black-throated Gray Warbler, Shore Drive (2020)",5,49,0.505154639,FALSE,FALSE,,
Leach's Storm-Petrel,98,27,9/19/03,6/8/25,FALSE,FALSE,"Rudee Tours Pelagic 6/8/2025 Leg 6 (36.90368, -74.83718)",12,0.12244898,FALSE,"Rudee Tours Pelagic 6/8/2025 Leg 7 (36.9000,-74.6161)",5,12,0.12244898,FALSE,FALSE,,
Sooty Tern,101,37,9/18/03,8/4/20,FALSE,FALSE,CBBT--South Thimble Island (#1),22,0.217821782,FALSE,CBBT--South Thimble Island (#1),5,32,0.316831683,FALSE,FALSE,,
Swan Goose,106,14,6/16/19,3/29/26,FALSE,FALSE,Virginia Tech--Duck Pond,67,0.632075472,TRUE,Virginia Tech--Duck Pond,5,72,0.679245283,FALSE,FALSE,,
Couch's Kingbird,111,15,11/16/20,12/6/20,FALSE,FALSE,Chincoteague NWR--Woodland Trail,41,0.369369369,FALSE,Chincoteague NWR--Woodland Trail,5,111,1,TRUE,FALSE,,
Anna's Hummingbird,117,4,11/14/19,3/2/20,FALSE,FALSE,Lake Frederick,109,0.931623932,TRUE,Lake Frederick,5,117,1,TRUE,FALSE,,
Henslow's Sparrow,117,21,7/9/02,10/20/25,FALSE,FALSE,Innovation Drive Marsh,44,0.376068376,FALSE,Innovation Drive Marsh,5,47,0.401709402,FALSE,FALSE,,
Northern Lapwing,117,24,11/20/12,1/11/22,FALSE,FALSE,Munden Road,78,0.666666667,TRUE,Munden Road,5,103,0.88034188,TRUE,FALSE,,
Black-capped Petrel,119,19,9/19/03,5/11/25,FALSE,FALSE,"Auto selected 37.06194, -74.66208",31,0.260504202,FALSE,"Auto selected 37.06194, -74.66208",5,55,0.462184874,FALSE,FALSE,,
Franklin's Gull,120,52,10/4/03,8/6/25,FALSE,FALSE,Bristow Road Sod Farm,17,0.141666667,FALSE,Bristow Road Sod Farm,5,17,0.141666667,FALSE,FALSE,,
Tropical Kingbird,121,17,10/19/22,6/11/23,FALSE,FALSE,**Back Bay NWR,50,0.41322314,FALSE,**Back Bay NWR,5,55,0.454545455,FALSE,FALSE,,
Mountain Bluebird,126,31,11/27/04,5/8/23,FALSE,FALSE,Botetourt Center at Greenfield,69,0.547619048,FALSE,Botetourt Center at Greenfield,5,99,0.785714286,TRUE,FALSE,,
Sabine's Gull,127,29,9/19/03,8/8/24,FALSE,FALSE,Daingerfield Island,23,0.181102362,FALSE,Daingerfield Island,5,46,0.362204724,FALSE,FALSE,,
Swainson's Hawk,137,45,10/7/02,11/1/25,FALSE,FALSE,Kiptopeke SP--Hawk Platform,30,0.218978102,FALSE,Kiptopeke SP--Hawk Platform,5,56,0.408759124,FALSE,FALSE,,
Brewer's Sparrow,141,8,12/30/11,11/10/19,FALSE,FALSE,Mockhorn Island WMA--GATR Tract,74,0.524822695,FALSE,Mockhorn Island WMA--GATR Tract,5,78,0.553191489,FALSE,FALSE,,
Tufted Duck,148,19,4/26/06,4/8/19,FALSE,FALSE,Chartway Credit Union lake,110,0.743243243,TRUE,Chartway Credit Union lake,5,122,0.824324324,TRUE,FALSE,,
Reddish Egret,151,9,6/20/03,7/22/25,FALSE,FALSE,**Back Bay NWR,101,0.668874172,TRUE,**Back Bay NWR,5,140,0.927152318,TRUE,FALSE,,
Kirtland's Warbler,153,10,10/4/19,10/5/24,FALSE,FALSE,Coyner Springs Park,125,0.816993464,TRUE,Coyner Springs Park,5,130,0.849673203,TRUE,FALSE,,
Bar-headed Goose,157,8,5/19/07,12/31/24,FALSE,FALSE,Lake Fairfax Park,145,0.923566879,TRUE,Lake Fairfax Park,5,155,0.987261146,TRUE,FALSE,,
Neotropic Cormorant,158,10,10/29/05,9/21/21,FALSE,FALSE,Woodglen Lake,90,0.569620253,FALSE,Woodglen Lake,5,91,0.575949367,FALSE,FALSE,,
American Flamingo,160,25,9/1/23,10/20/23,FALSE,FALSE,Mariners Point,98,0.6125,TRUE,Mariners Point,5,148,0.925,TRUE,FALSE,,
Gray Kingbird,161,63,5/8/04,10/24/25,FALSE,FALSE,"stakeout Gray Kingbird, Cornland Road (2020)",42,0.260869565,FALSE,"stakeout Gray Kingbird, Cornland Road (2020)",5,55,0.341614907,FALSE,FALSE,,
White-winged Crossbill,175,58,2/26/08,11/28/24,FALSE,FALSE,Blandy Experimental Farm/State Arboretum of Virginia,29,0.165714286,FALSE,Blandy Experimental Farm/State Arboretum of Virginia,5,29,0.165714286,FALSE,FALSE,,
Fork-tailed Flycatcher,177,30,9/28/02,7/8/17,FALSE,FALSE,**Back Bay NWR,141,0.796610169,TRUE,**Back Bay NWR,5,163,0.920903955,TRUE,FALSE,,
Roseate Tern,182,40,9/26/13,8/21/25,FALSE,FALSE,Chincoteague NWR* (general area),36,0.197802198,FALSE,Chincoteague NWR* (general area),5,112,0.615384615,FALSE,FALSE,,
American Goshawk,189,51,2/14/02,11/27/25,FALSE,FALSE,Rockfish Gap Hawk Watch,69,0.365079365,FALSE,Rockfish Gap Hawk Watch,5,71,0.375661376,FALSE,FALSE,,
Harris's Sparrow,192,53,4/6/02,12/15/24,FALSE,FALSE,"stakeout Harris's Sparrow, Locust Dale Road (2020-2021)",47,0.244791667,FALSE,"stakeout Harris's Sparrow, Locust Dale Road (2020-2021)",5,88,0.458333333,FALSE,FALSE,,
Pomarine Jaeger,196,37,5/27/02,10/4/25,FALSE,FALSE,"Virginia Fall Pelagic: Leg 5 - 10/4/202537.06, -74.581",41,0.209183673,FALSE,"Virginia Fall Pelagic: Leg 5 - 10/4/202537.06, -74.581",5,53,0.270408163,FALSE,FALSE,,
Ring-necked Pheasant,199,130,1/14/02,3/7/26,FALSE,FALSE,Blandy Experimental Farm/State Arboretum of Virginia,25,0.125628141,FALSE,Blandy Experimental Farm/State Arboretum of Virginia,5,27,0.135678392,FALSE,FALSE,,
MacGillivray's Warbler,206,8,11/8/05,12/21/22,FALSE,FALSE,Lake Shenandoah,189,0.917475728,TRUE,Lake Shenandoah,5,194,0.941747573,TRUE,FALSE,,
Varied Thrush,206,26,10/19/03,12/1/22,FALSE,FALSE,"stakeout Varied Thrush, Funnell Street (2022)",85,0.412621359,FALSE,"stakeout Varied Thrush, Funnell Street (2022)",5,92,0.446601942,FALSE,FALSE,,
Yellow-headed Blackbird,211,96,1/12/02,3/2/26,FALSE,FALSE,Dyke Marsh Wildlife Preserve,29,0.137440758,FALSE,Dyke Marsh Wildlife Preserve,5,31,0.146919431,FALSE,FALSE,,
White-faced Ibis,220,31,6/2/02,5/9/25,FALSE,FALSE,Princess Anne WMA--Beasley Tract,52,0.236363636,FALSE,Princess Anne WMA--Beasley Tract,5,56,0.254545455,FALSE,FALSE,,
Black-legged Kittiwake,230,50,2/3/02,11/29/25,FALSE,FALSE,Stumpy Lake Natural Area,40,0.173913043,FALSE,Stumpy Lake Natural Area,5,74,0.32173913,FALSE,FALSE,,
Long-tailed Jaeger,236,18,9/7/02,9/2/25,FALSE,FALSE,Leg 2 - 9/7/2024,45,0.190677966,FALSE,Leg 2 - 9/7/2024,5,45,0.190677966,FALSE,FALSE,,
Wilson's Plover,251,47,4/3/04,9/14/25,FALSE,FALSE,Metompkin Island,42,0.167330677,FALSE,Metompkin Island,5,81,0.322709163,FALSE,FALSE,,
Black-tailed Godwit,255,32,8/8/12,8/6/13,FALSE,FALSE,Chincoteague NWR* (general area),60,0.235294118,FALSE,Chincoteague NWR* (general area),5,255,1,TRUE,FALSE,,
Green-tailed Towhee,257,15,2/18/07,1/26/21,FALSE,FALSE,Sky Meadows SP--Shearman's Mill Loop,91,0.354085603,FALSE,Sky Meadows SP--Shearman's Mill Loop,5,240,0.93385214,TRUE,FALSE,,
Purple Gallinule,263,49,5/10/04,4/30/25,FALSE,FALSE,Botetourt Center at Greenfield,78,0.296577947,FALSE,Botetourt Center at Greenfield,5,79,0.300380228,FALSE,FALSE,,
Scissor-tailed Flycatcher,263,119,5/8/03,11/10/25,FALSE,FALSE,"stakeout Scissor-tailed Flycatcher, Leedstown Road (2022)",46,0.174904943,FALSE,"stakeout Scissor-tailed Flycatcher, Leedstown Road (2022)",5,58,0.220532319,FALSE,FALSE,,
Northern Fulmar,276,32,2/3/02,5/15/24,FALSE,FALSE,"Auto selected 37.01537, -75.06122",37,0.134057971,FALSE,"Auto selected 37.01537, -75.06122",5,41,0.148550725,FALSE,FALSE,,
Common Murre,294,20,2/2/05,7/6/25,FALSE,FALSE,"Chesapeake Light (36.89790, -75.72265)",45,0.153061224,FALSE,"Chesapeake Light (36.89790, -75.72265)",5,91,0.30952381,FALSE,FALSE,,
Ruff,302,39,8/4/05,9/4/25,FALSE,FALSE,Middlesex Drive Pond,131,0.433774834,FALSE,Middlesex Drive Pond,5,134,0.443708609,FALSE,FALSE,,
Manx Shearwater,304,59,2/3/02,12/29/25,FALSE,FALSE,"Chesapeake Light (36.89790, -75.72265)",45,0.148026316,FALSE,"Chesapeake Light (36.89790, -75.72265)",5,106,0.348684211,FALSE,FALSE,,
LeConte's Sparrow,309,38,11/1/02,12/12/25,FALSE,FALSE,**Back Bay NWR,106,0.343042071,FALSE,**Back Bay NWR,5,114,0.368932039,FALSE,FALSE,,
Western Grebe,310,74,5/25/05,1/4/26,FALSE,FALSE,Lake Anna State Park,49,0.158064516,FALSE,Lake Anna State Park,5,81,0.261290323,FALSE,FALSE,,
Long-billed Curlew,313,29,11/7/04,3/1/26,FALSE,FALSE,Box Tree Marsh,175,0.559105431,FALSE,Box Tree Marsh,5,214,0.68370607,FALSE,FALSE,,
Brown Booby,330,70,8/5/06,11/11/25,FALSE,FALSE,Hungry Mother State Park,60,0.181818182,FALSE,Hungry Mother State Park,5,65,0.196969697,FALSE,FALSE,,
Say's Phoebe,335,89,10/7/11,12/23/25,FALSE,FALSE,Shenandoah Valley Produce Auction,121,0.36119403,FALSE,Shenandoah Valley Produce Auction,5,135,0.402985075,FALSE,FALSE,,
King Eider,339,41,4/11/02,12/14/20,FALSE,FALSE,Rudee Inlet,145,0.427728614,FALSE,Rudee Inlet,5,198,0.584070796,FALSE,FALSE,,
Little Gull,350,75,2/3/02,12/29/25,FALSE,FALSE,"US (36.920,-75.585)",44,0.125714286,FALSE,"US (36.920,-75.585)",5,45,0.128571429,FALSE,FALSE,,
Upland Sandpiper,359,91,5/9/02,9/5/25,FALSE,FALSE,Craney Island Disposal Area (restricted access),33,0.091922006,FALSE,Craney Island Disposal Area (restricted access),5,33,0.091922006,FALSE,FALSE,,
Red Phalarope,361,75,2/9/02,3/7/26,FALSE,FALSE,"Rudee Tours Pelagic 3/07/2026 Leg 8 36.94957, -74.78034",36,0.099722992,FALSE,"Rudee Tours Pelagic 3/07/2026 Leg 8 36.94957, -74.78034",5,73,0.202216066,FALSE,FALSE,,
Pacific Loon,378,55,12/6/03,4/13/25,FALSE,FALSE,Sherwood Lakes,125,0.330687831,FALSE,Sherwood Lakes,5,151,0.399470899,FALSE,FALSE,,
Brewer's Blackbird,381,78,11/9/02,3/4/26,FALSE,FALSE,Breeze N Farms (Brewer's Blackbird Spot),239,0.627296588,TRUE,Breeze N Farms (Brewer's Blackbird Spot),5,254,0.666666667,FALSE,FALSE,,
Cave Swallow,381,83,11/18/02,12/7/25,FALSE,FALSE,Kiptopeke SP--Hawk Platform,57,0.149606299,FALSE,Kiptopeke SP--Hawk Platform,5,178,0.467191601,FALSE,FALSE,,
Bar-tailed Godwit,391,40,8/1/13,12/6/22,FALSE,FALSE,Chincoteague NWR--Swan Cove,117,0.299232737,FALSE,Chincoteague NWR--Swan Cove,5,391,1,TRUE,FALSE,,
White-winged Dove,392,138,5/1/05,10/9/25,FALSE,FALSE,"12216 Renwick Place, Glen Allen, Virginia, US (37.703, -77.616)",49,0.125,FALSE,"12216 Renwick Place, Glen Allen, Virginia, US (37.703, -77.616)",5,94,0.239795918,FALSE,FALSE,,
Bullock's Oriole,419,130,3/17/02,2/11/26,FALSE,FALSE,"stakeout Bullock's Oriole, South Shore Estates (2020)",66,0.1575179,FALSE,"stakeout Bullock's Oriole, South Shore Estates (2020)",5,133,0.317422434,FALSE,FALSE,,
Limpkin,451,63,6/3/17,8/29/25,FALSE,FALSE,Three Lakes Park & Nature Center,191,0.423503326,FALSE,Three Lakes Park & Nature Center,5,209,0.463414634,FALSE,FALSE,,
Sooty Shearwater,469,79,5/29/02,6/13/25,FALSE,FALSE,Leg 4 - 9/7/2024,44,0.093816631,FALSE,Leg 4 - 9/7/2024,5,86,0.18336887,FALSE,FALSE,,
Black Swan,489,56,12/30/04,4/4/25,FALSE,FALSE,Lickinghole Creek,156,0.319018405,FALSE,Lickinghole Creek,5,183,0.374233129,FALSE,FALSE,,
Cory's Shearwater,509,64,9/7/02,10/4/25,FALSE,FALSE,Leg 6 - 9/7/2024,45,0.088408644,FALSE,Leg 6 - 9/7/2024,5,58,0.113948919,FALSE,FALSE,,
Hudsonian Godwit,520,70,8/19/03,10/30/25,FALSE,FALSE,Chincoteague NWR* (general area),69,0.132692308,FALSE,Chincoteague NWR* (general area),5,122,0.234615385,FALSE,FALSE,,
Connecticut Warbler,527,204,9/14/02,10/26/25,FALSE,FALSE,Huntley Meadows Park--Hike and Bike Trail,31,0.058823529,FALSE,Huntley Meadows Park--Hike and Bike Trail,5,52,0.098671727,FALSE,FALSE,,
Western Kingbird,538,198,11/9/02,2/28/26,FALSE,FALSE,James River Park--Huguenot Flatwater,61,0.1133829,FALSE,James River Park--Huguenot Flatwater,5,66,0.12267658,FALSE,FALSE,,
Parasitic Jaeger,547,109,4/13/03,12/29/25,FALSE,FALSE,Little Island Park,112,0.204753199,FALSE,Little Island Park,5,164,0.299817185,FALSE,FALSE,,
Wood Stork,558,107,8/14/06,3/23/26,FALSE,FALSE,Cub Run Stream Valley Park (South),108,0.193548387,FALSE,Cub Run Stream Valley Park (South),5,128,0.229390681,FALSE,FALSE,,
Black-bellied Whistling-Duck,592,198,8/10/02,10/22/25,FALSE,FALSE,Eastville Community Health Center Ponds,46,0.077702703,FALSE,Eastville Community Health Center Ponds,5,104,0.175675676,FALSE,FALSE,,
Iceland Gull,596,117,2/9/02,3/23/26,FALSE,FALSE,Ocean View Beach Park,133,0.223154362,FALSE,Ocean View Beach Park,5,172,0.288590604,FALSE,FALSE,,
Baird's Sandpiper,632,143,8/17/02,10/11/25,FALSE,FALSE,Broadway Wastewater Treatment Plant (restricted access),73,0.115506329,FALSE,Broadway Wastewater Treatment Plant (restricted access),5,102,0.161392405,FALSE,FALSE,,
Northern Shrike,638,23,3/5/05,1/4/24,FALSE,FALSE,Sully Woodlands,579,0.907523511,TRUE,Sully Woodlands,5,610,0.956112853,TRUE,FALSE,,
Black-headed Gull,658,80,2/23/03,3/27/26,FALSE,FALSE,Chincoteague NWR--Swan Cove,103,0.156534954,FALSE,Chincoteague NWR--Swan Cove,5,302,0.458966565,FALSE,FALSE,,
Yellow-bellied Flycatcher,704,227,5/20/02,10/1/25,FALSE,FALSE,Leesylvania State Park,98,0.139204545,FALSE,Leesylvania State Park,5,125,0.177556818,FALSE,FALSE,,
Northern Saw-whet Owl,742,242,1/12/02,3/22/26,FALSE,FALSE,Kiptopeke State Park,61,0.082210243,FALSE,Kiptopeke State Park,5,136,0.18328841,FALSE,FALSE,,
Glaucous Gull,858,129,1/12/02,2/6/26,FALSE,FALSE,Rudee Inlet,124,0.144522145,FALSE,Rudee Inlet,5,136,0.158508159,FALSE,FALSE,,
Ash-throated Flycatcher,876,145,11/5/04,1/10/26,FALSE,FALSE,Harris Teeter Retention Pond,185,0.211187215,FALSE,Harris Teeter Retention Pond,5,194,0.221461187,FALSE,FALSE,,
Eared Grebe,904,107,9/28/02,3/10/26,FALSE,FALSE,Broadway Wastewater Treatment Plant (restricted access),255,0.282079646,FALSE,Broadway Wastewater Treatment Plant (restricted access),5,314,0.347345133,FALSE,FALSE,,
Swallow-tailed Kite,919,530,8/1/02,3/16/26,FALSE,FALSE,"stakeout Swallow-tailed Kite, McKinney Farm (2011)",27,0.029379761,FALSE,"stakeout Swallow-tailed Kite, McKinney Farm (2011)",5,40,0.043525571,FALSE,FALSE,,
Rough-legged Hawk,981,257,1/26/02,2/13/26,FALSE,FALSE,Burke's Garden,75,0.076452599,FALSE,Burke's Garden,5,92,0.093781855,FALSE,FALSE,,
Lark Sparrow,1023,242,11/17/02,3/8/26,FALSE,FALSE,**Back Bay NWR,351,0.343108504,FALSE,**Back Bay NWR,5,395,0.386119257,FALSE,FALSE,,
Lapland Longspur,1045,290,1/13/02,2/28/26,FALSE,FALSE,Guthrie Road,188,0.179904306,FALSE,Guthrie Road,5,201,0.192344498,FALSE,FALSE,,
Great Shearwater,1160,157,6/4/02,10/4/25,FALSE,FALSE,Norfolk Canyon,136,0.117241379,FALSE,Norfolk Canyon,5,371,0.319827586,FALSE,FALSE,,
Atlantic Puffin,1171,62,2/3/02,3/7/26,FALSE,FALSE,Virginia Beach pelagic (general location),93,0.0794193,FALSE,Virginia Beach pelagic (general location),5,261,0.222886422,FALSE,FALSE,,
Alder Flycatcher,1192,293,5/17/02,9/20/25,FALSE,FALSE,Straight Fork,227,0.190436242,FALSE,Straight Fork,5,433,0.363255034,FALSE,FALSE,,
Buff-breasted Sandpiper,1195,207,8/30/02,9/28/25,FALSE,FALSE,Craney Island Disposal Area (restricted access),113,0.094560669,FALSE,Craney Island Disposal Area (restricted access),5,113,0.094560669,FALSE,FALSE,,
Snow Bunting,1243,200,1/8/02,2/21/26,FALSE,FALSE,Grandview Nature Preserve,173,0.139179405,FALSE,Grandview Nature Preserve,5,184,0.148028962,FALSE,FALSE,,
Long-billed Dowitcher,1250,178,4/20/02,12/30/25,FALSE,FALSE,Chincoteague NWR* (general area),219,0.1752,FALSE,Chincoteague NWR* (general area),5,548,0.4384,FALSE,FALSE,,
Western Tanager,1264,296,3/28/04,3/23/26,FALSE,FALSE,Settlers' Mill,145,0.11471519,FALSE,Settlers' Mill,5,271,0.214398734,FALSE,FALSE,,
Wilson's Phalarope,1266,132,8/11/02,10/9/25,FALSE,FALSE,Craney Island Disposal Area (restricted access),614,0.484992101,FALSE,Craney Island Disposal Area (restricted access),5,627,0.495260664,FALSE,FALSE,,
Olive-sided Flycatcher,1285,406,5/10/02,10/4/25,FALSE,FALSE,Monticello Park,120,0.093385214,FALSE,Monticello Park,5,137,0.106614786,FALSE,FALSE,,
Dovekie,1295,107,3/1/03,3/7/26,FALSE,FALSE,Little Island Park,112,0.086486486,FALSE,Little Island Park,5,151,0.116602317,FALSE,FALSE,,
Rufous Hummingbird,1318,371,1/30/02,3/29/26,FALSE,FALSE,Green Spring Garden Park,286,0.216995448,FALSE,Green Spring Garden Park,5,299,0.226858877,FALSE,FALSE,,
Red-cockaded Woodpecker,1380,160,4/8/02,3/29/26,FALSE,FALSE,Piney Grove Preserve,925,0.670289855,TRUE,Piney Grove Preserve,5,1347,0.976086957,TRUE,FALSE,,
Painted Bunting,1399,375,12/28/02,3/31/26,FALSE,FALSE,**Back Bay NWR,93,0.066476054,FALSE,**Back Bay NWR,5,101,0.072194425,FALSE,FALSE,,
Red-flanked Bluetail,1418,198,1/1/26,3/28/26,FALSE,FALSE,Great Falls Park,1181,0.832863188,TRUE,Great Falls Park,5,1418,1,TRUE,FALSE,,
Clay-colored Sparrow,1523,255,1/5/02,2/27/26,FALSE,FALSE,Harris Teeter Retention Pond,296,0.19435325,FALSE,Harris Teeter Retention Pond,5,306,0.200919238,FALSE,FALSE,,
Mourning Warbler,1611,341,5/13/02,10/18/25,FALSE,FALSE,Paddy Knob (Virginia side of the ridge),367,0.227808814,FALSE,Paddy Knob (Virginia side of the ridge),5,479,0.29733085,FALSE,FALSE,,
Snowy Owl,1635,398,1/13/02,2/19/26,FALSE,FALSE,Gravelly Point Park,488,0.298470948,FALSE,Gravelly Point Park,5,596,0.364525994,FALSE,FALSE,,
Common Gallinule,1652,187,4/20/02,3/22/26,FALSE,FALSE,Edward S. Brinkley Nature Preserve,233,0.141041162,FALSE,Edward S. Brinkley Nature Preserve,5,273,0.165254237,FALSE,FALSE,,
Saltmarsh Sparrow,1662,273,2/27/02,3/29/26,FALSE,FALSE,Pleasure House Point Natural Area,230,0.138387485,FALSE,Pleasure House Point Natural Area,5,263,0.158243081,FALSE,FALSE,,
Red-necked Phalarope,1790,247,9/7/02,9/18/25,FALSE,FALSE,Craney Island Disposal Area (restricted access),427,0.238547486,FALSE,Craney Island Disposal Area (restricted access),5,434,0.242458101,FALSE,FALSE,,
Sandhill Crane,1798,594,3/28/02,3/14/26,FALSE,FALSE,Algonkian Regional Park--Sanctuary Trail,306,0.170189099,FALSE,Algonkian Regional Park--Sanctuary Trail,5,375,0.208565072,FALSE,FALSE,,
Golden-winged Warbler,1869,475,5/25/02,10/4/25,FALSE,FALSE,Mountain Lake Road Overlook,333,0.178170144,FALSE,Mountain Lake Road Overlook,5,404,0.216158373,FALSE,FALSE,,
Harlequin Duck,1932,196,1/11/02,3/31/26,FALSE,FALSE,CBBT--North Chesapeake Island (#4),380,0.196687371,FALSE,CBBT--North Chesapeake Island (#4),5,623,0.322463768,FALSE,FALSE,,
Nelson's Sparrow,2077,213,1/12/02,3/29/26,FALSE,FALSE,Pleasure House Point Natural Area,650,0.312951372,FALSE,Pleasure House Point Natural Area,5,702,0.337987482,FALSE,FALSE,,
Evening Grosbeak,2115,760,1/26/02,2/21/26,FALSE,FALSE,James River Park--Pony Pasture,142,0.06713948,FALSE,James River Park--Pony Pasture,5,285,0.134751773,FALSE,FALSE,,
Common Eider,2149,226,1/13/02,2/27/26,FALSE,FALSE,Rudee Inlet,492,0.228943695,FALSE,Rudee Inlet,5,525,0.244299674,FALSE,FALSE,,
Philadelphia Vireo,2371,681,5/20/02,10/13/25,FALSE,FALSE,Pandapas Pond Day Use Area,96,0.040489245,FALSE,Pandapas Pond Day Use Area,5,127,0.053563897,FALSE,FALSE,,
American White Pelican,2397,370,10/9/02,3/29/26,FALSE,FALSE,Hog Island WMA,810,0.337922403,FALSE,Hog Island WMA,5,1004,0.418856904,FALSE,FALSE,,
Eurasian Wigeon,2401,252,1/27/02,2/21/26,FALSE,FALSE,Chincoteague NWR* (general area),315,0.131195335,FALSE,Chincoteague NWR* (general area),5,782,0.325697626,FALSE,FALSE,,
Golden Eagle,2402,637,1/12/02,3/31/26,FALSE,FALSE,Rockfish Gap Hawk Watch,242,0.100749376,FALSE,Rockfish Gap Hawk Watch,5,252,0.104912573,FALSE,FALSE,,
American Golden-Plover,2404,399,8/29/02,11/18/25,FALSE,FALSE,**Back Bay NWR,176,0.073211314,FALSE,**Back Bay NWR,5,214,0.089018303,FALSE,FALSE,,
Sedge Wren,2437,279,1/12/02,3/29/26,FALSE,FALSE,**Back Bay NWR,420,0.172343045,FALSE,**Back Bay NWR,5,533,0.218711531,FALSE,FALSE,,
Anhinga,2448,438,4/14/02,3/31/26,FALSE,FALSE,Stumpy Lake Natural Area,643,0.262663399,FALSE,Stumpy Lake Natural Area,5,868,0.354575163,FALSE,FALSE,,
Roseate Spoonbill,2537,359,6/15/09,10/15/25,FALSE,FALSE,**HUNTLEY MEADOWS PARK,615,0.242412298,FALSE,**HUNTLEY MEADOWS PARK,5,1283,0.505715412,FALSE,FALSE,,
Least Bittern,2561,300,4/20/02,2/14/26,FALSE,FALSE,Dyke Marsh Wildlife Preserve,452,0.176493557,FALSE,Dyke Marsh Wildlife Preserve,5,532,0.207731355,FALSE,FALSE,,
Great Cormorant,2585,176,1/11/02,3/28/26,FALSE,FALSE,CBBT--North Chesapeake Island (#4),767,0.296711799,FALSE,CBBT--North Chesapeake Island (#4),5,1377,0.532688588,FALSE,FALSE,,
Wilson's Storm-Petrel,2610,329,6/4/02,10/4/25,FALSE,FALSE,Norfolk Canyon,246,0.094252874,FALSE,Norfolk Canyon,5,624,0.23908046,FALSE,FALSE,,
Loggerhead Shrike,2635,700,1/12/02,3/30/26,FALSE,FALSE,Burke's Garden,176,0.066793169,FALSE,Burke's Garden,5,276,0.104743833,FALSE,FALSE,,
Red Crossbill,2677,531,3/31/02,3/31/26,FALSE,FALSE,Briery Branch Gap,711,0.265595816,FALSE,Briery Branch Gap,5,1278,0.477400075,FALSE,FALSE,,
American Barn Owl,2768,668,1/6/02,3/31/26,FALSE,FALSE,Heritage Community Park and Natural Area,443,0.160043353,FALSE,Heritage Community Park and Natural Area,5,482,0.174132948,FALSE,FALSE,,
Greater White-fronted Goose,2971,650,11/8/02,3/31/26,FALSE,FALSE,New River Valley Fairgrounds,216,0.072702794,FALSE,New River Valley Fairgrounds,5,249,0.083810165,FALSE,FALSE,,
Short-eared Owl,3020,560,1/12/02,3/29/26,FALSE,FALSE,Bells Lane,331,0.109602649,FALSE,Bells Lane,5,448,0.148344371,FALSE,FALSE,,
American Avocet,3067,252,4/21/02,3/26/26,FALSE,FALSE,Craney Island Disposal Area (restricted access),1651,0.538311053,FALSE,Craney Island Disposal Area (restricted access),5,1707,0.556569938,FALSE,FALSE,,
Black Tern,3100,412,5/11/02,9/14/25,FALSE,FALSE,Craney Island Disposal Area (restricted access),386,0.124516129,FALSE,Craney Island Disposal Area (restricted access),5,399,0.128709677,FALSE,FALSE,,
American Tree Sparrow,3137,525,1/9/02,3/31/26,FALSE,FALSE,Occoquan Bay NWR,734,0.233981511,FALSE,Occoquan Bay NWR,5,868,0.276697482,FALSE,FALSE,,
Ruffed Grouse,3184,1342,2/2/02,3/31/26,FALSE,FALSE,Switzer Lake Area,139,0.043655779,FALSE,Switzer Lake Area,5,164,0.051507538,FALSE,FALSE,,
Stilt Sandpiper,3259,305,4/27/02,10/26/25,FALSE,FALSE,Craney Island Disposal Area (restricted access),783,0.240257748,FALSE,Craney Island Disposal Area (restricted access),5,805,0.247008285,FALSE,FALSE,,
White-rumped Sandpiper,3308,424,5/19/02,11/1/25,FALSE,FALSE,Craney Island Disposal Area (restricted access),610,0.184401451,FALSE,Craney Island Disposal Area (restricted access),5,626,0.18923821,FALSE,FALSE,,
Ross's Goose,3392,787,10/13/02,3/6/26,FALSE,FALSE,Belle Haven Park--North Parking Area,180,0.053066038,FALSE,Belle Haven Park--North Parking Area,5,399,0.117629717,FALSE,FALSE,,
Gull-billed Tern,3473,455,4/26/02,9/3/25,FALSE,FALSE,Chincoteague NWR* (general area),425,0.122372589,FALSE,Chincoteague NWR* (general area),5,884,0.254534984,FALSE,FALSE,,
Cackling Goose,3478,763,1/24/02,3/12/26,FALSE,FALSE,Sherwood Lakes,124,0.035652674,FALSE,Sherwood Lakes,5,165,0.047441058,FALSE,FALSE,,
Swainson's Warbler,3517,573,4/20/02,9/18/25,FALSE,FALSE,Great Dismal Swamp NWR--Jericho Ditch,547,0.155530281,FALSE,Great Dismal Swamp NWR--Jericho Ditch,5,1561,0.443844185,FALSE,FALSE,,
Red Knot,3555,365,3/16/02,2/11/26,FALSE,FALSE,Chincoteague NWR* (general area),943,0.265260197,FALSE,Chincoteague NWR* (general area),5,2084,0.586216596,FALSE,FALSE,,
Dickcissel,3597,1013,4/21/02,12/14/25,FALSE,FALSE,Fairfax County Landfill (closed to birdwatchers since Oct 2025),178,0.049485683,FALSE,Bristoe Station Battlefield,5,256,0.07117042,FALSE,FALSE,,
Black-billed Cuckoo,3658,1355,4/7/02,10/21/25,FALSE,FALSE,Botetourt Center at Greenfield,86,0.023510115,FALSE,Botetourt Center at Greenfield,5,94,0.025697102,FALSE,FALSE,,
Red-necked Grebe,3806,564,1/24/02,3/26/26,FALSE,FALSE,Burke Lake Park,428,0.11245402,FALSE,Burke Lake Park,5,449,0.117971624,FALSE,FALSE,,
American Bittern,3933,566,3/30/02,3/31/26,FALSE,FALSE,**Back Bay NWR,667,0.169590643,FALSE,**Back Bay NWR,5,920,0.233918129,FALSE,FALSE,,
Wilson's Warbler,4085,954,5/4/02,11/1/25,FALSE,FALSE,Monticello Park,281,0.06878825,FALSE,Monticello Park,5,543,0.132925337,FALSE,FALSE,,
Trumpeter Swan,4196,587,1/29/03,3/31/26,FALSE,FALSE,Clifton Institute (restricted access),910,0.216873213,FALSE,Clifton Institute (restricted access),5,1583,0.377264061,FALSE,FALSE,,
Purple Sandpiper,4260,203,1/4/02,3/27/26,FALSE,FALSE,CBBT--South Thimble Island (#1),1050,0.246478873,FALSE,CBBT--South Thimble Island (#1),5,1641,0.385211268,FALSE,FALSE,,
Vesper Sparrow,4317,1218,3/24/02,3/31/26,FALSE,FALSE,Occoquan Bay NWR,133,0.030808432,FALSE,Occoquan Bay NWR,5,253,0.058605513,FALSE,FALSE,,
Black-necked Stilt,4388,492,4/20/02,3/31/26,FALSE,FALSE,Craney Island Disposal Area (restricted access),1001,0.228122151,FALSE,Craney Island Disposal Area (restricted access),5,1051,0.239516864,FALSE,FALSE,,
Sora,4702,539,3/31/02,3/28/26,FALSE,FALSE,**HUNTLEY MEADOWS PARK,947,0.201403658,FALSE,**HUNTLEY MEADOWS PARK,5,1264,0.268821778,FALSE,FALSE,,
Western Sandpiper,4729,473,1/12/02,3/26/26,FALSE,FALSE,Craney Island Disposal Area (restricted access),1101,0.232818778,FALSE,Craney Island Disposal Area (restricted access),5,1135,0.240008458,FALSE,FALSE,,
Chuck-will's-widow,4939,1736,4/18/02,9/26/25,FALSE,FALSE,Chincoteague NWR* (general area),374,0.075723831,FALSE,Chincoteague NWR* (general area),5,993,0.201052845,FALSE,FALSE,,
Razorbill,5108,615,2/3/02,3/21/26,FALSE,FALSE,Little Island Park,724,0.141738449,FALSE,Little Island Park,5,1088,0.212999217,FALSE,FALSE,,
Seaside Sparrow,5109,636,1/20/02,3/31/26,FALSE,FALSE,Pleasure House Point Natural Area,327,0.064004698,FALSE,Pleasure House Point Natural Area,5,425,0.083186534,FALSE,FALSE,,
White-winged Scoter,5364,714,1/12/02,3/23/26,FALSE,FALSE,CBBT--North Chesapeake Island (#4),418,0.07792692,FALSE,CBBT--North Chesapeake Island (#4),5,746,0.139075317,FALSE,FALSE,,
Gray-cheeked Thrush,5460,1288,5/4/02,10/20/25,FALSE,FALSE,Monticello Park,718,0.131501832,FALSE,Monticello Park,5,975,0.178571429,FALSE,FALSE,,
Lincoln's Sparrow,5496,1066,2/25/02,3/29/26,FALSE,FALSE,Occoquan Bay NWR,248,0.045123726,FALSE,Occoquan Bay NWR,5,374,0.068049491,FALSE,FALSE,,
Bank Swallow,5607,1399,4/20/02,10/21/25,FALSE,FALSE,Craney Island Disposal Area (restricted access),183,0.032637774,FALSE,Craney Island Disposal Area (restricted access),5,192,0.034242911,FALSE,FALSE,,
Virginia Rail,5679,678,2/19/02,3/31/26,FALSE,FALSE,**HUNTLEY MEADOWS PARK,476,0.083817574,FALSE,**HUNTLEY MEADOWS PARK,5,606,0.106708928,FALSE,FALSE,,
King Rail,5957,378,4/6/02,3/31/26,FALSE,FALSE,Occoquan Bay NWR,1793,0.300990431,FALSE,Occoquan Bay NWR,5,2026,0.340104079,FALSE,FALSE,,
Blue-winged Warbler,6631,1533,4/20/02,10/3/25,FALSE,FALSE,Monticello Park,331,0.049917056,FALSE,Monticello Park,5,543,0.081888101,FALSE,FALSE,,
Piping Plover,6796,494,3/31/02,3/31/26,FALSE,FALSE,Chincoteague NWR* (general area),2234,0.328722778,FALSE,Chincoteague NWR* (general area),5,4879,0.717922307,TRUE,FALSE,,
Brant,6928,936,1/9/02,3/29/26,FALSE,FALSE,Queen Sound Landing,539,0.077800231,FALSE,Queen Sound Landing,5,2639,0.380918014,FALSE,FALSE,,
Mississippi Kite,7011,2569,5/11/02,10/11/25,FALSE,FALSE,Mount Atlas,179,0.025531308,FALSE,Mount Atlas,5,247,0.035230352,FALSE,FALSE,,
Eurasian Collared-Dove,7281,1184,4/28/02,3/31/26,FALSE,FALSE,West Main then Preston to home (radford),994,0.136519709,FALSE,West Main then Preston to home (radford),5,2900,0.398296937,FALSE,FALSE,,
Willow Flycatcher,7511,1782,5/2/02,9/14/25,FALSE,FALSE,Four Mile Run Park,515,0.068566103,FALSE,Four Mile Run Park,5,889,0.118359739,FALSE,FALSE,,
Hudsonian Whimbrel,7741,784,4/15/02,3/31/26,FALSE,FALSE,Chincoteague NWR* (general area),1263,0.163157215,FALSE,Chincoteague NWR* (general area),5,2963,0.382767084,FALSE,FALSE,,
Eastern Whip-poor-will,7776,3166,4/7/02,3/31/26,FALSE,FALSE,Davis-Mills Farm,216,0.027777778,FALSE,Davis-Mills Farm,5,232,0.029835391,FALSE,FALSE,,
Sandwich Tern,7933,800,5/3/02,10/30/25,FALSE,FALSE,Chincoteague NWR* (general area),707,0.089121392,FALSE,Chincoteague NWR* (general area),5,1817,0.229043237,FALSE,FALSE,,
Western Cattle-Egret,8473,1240,3/30/02,3/29/26,FALSE,FALSE,Chincoteague NWR* (general area),2375,0.280302136,FALSE,Chincoteague NWR* (general area),5,6246,0.737165113,TRUE,FALSE,,
Nashville Warbler,8539,1850,1/12/02,3/12/26,FALSE,FALSE,Monticello Park,368,0.043096381,FALSE,Monticello Park,5,889,0.104110552,FALSE,FALSE,,
Least Flycatcher,8574,1906,5/3/02,10/27/25,FALSE,FALSE,Mountain Lake,318,0.037088873,FALSE,Mountain Lake,5,743,0.086657336,FALSE,FALSE,,
Kentucky Warbler,8863,2510,4/20/02,9/22/25,FALSE,FALSE,G.R. Thompson WMA--Trillium Trail,990,0.111700327,FALSE,G.R. Thompson WMA--Trillium Trail,5,1582,0.178494866,FALSE,FALSE,,
Common Nighthawk,9124,3049,5/4/02,10/6/25,FALSE,FALSE,Craney Island Disposal Area (restricted access),210,0.023016221,FALSE,Craney Island Disposal Area (restricted access),5,282,0.030907497,FALSE,FALSE,,
Long-tailed Duck,9318,1048,1/4/02,3/29/26,FALSE,FALSE,CBBT--North Chesapeake Island (#4),847,0.090899335,FALSE,CBBT--North Chesapeake Island (#4),5,1499,0.160871432,FALSE,FALSE,,
Orange-crowned Warbler,9656,1555,4/9/02,3/31/26,FALSE,FALSE,**Back Bay NWR,869,0.089995857,FALSE,**Back Bay NWR,5,1115,0.115472245,FALSE,FALSE,,
Marbled Godwit,10037,785,1/12/02,3/31/26,FALSE,FALSE,Chincoteague NWR* (general area),2348,0.233934443,FALSE,Chincoteague NWR* (general area),5,7316,0.728903059,TRUE,FALSE,,
Marsh Wren,10375,1195,1/12/02,3/31/26,FALSE,FALSE,**Back Bay NWR,1270,0.122409639,FALSE,**Back Bay NWR,5,2007,0.193445783,FALSE,FALSE,,
Pectoral Sandpiper,10565,1211,3/23/02,3/31/26,FALSE,FALSE,**HUNTLEY MEADOWS PARK,875,0.082820634,FALSE,**HUNTLEY MEADOWS PARK,5,1785,0.168954094,FALSE,FALSE,,
Common Goldeneye,11318,1670,1/6/02,3/29/26,FALSE,FALSE,Occoquan Bay NWR,520,0.045944513,FALSE,Occoquan Bay NWR,5,962,0.084997349,FALSE,FALSE,,
Cliff Swallow,11914,2586,4/28/02,3/29/26,FALSE,FALSE,David Bisset Park/Riverway Trail,460,0.038610039,FALSE,David Bisset Park/Riverway Trail,5,822,0.06899446,FALSE,FALSE,,
American Woodcock,11963,3580,1/12/02,3/31/26,FALSE,FALSE,Huntley Meadows Park--Hike and Bike Trail,467,0.039037031,FALSE,Huntley Meadows Park--Hike and Bike Trail,5,771,0.064448717,FALSE,FALSE,,
Black-crowned Night Heron,12347,1860,1/12/02,3/31/26,FALSE,FALSE,Edward S. Brinkley Nature Preserve,1470,0.119057261,FALSE,Edward S. Brinkley Nature Preserve,5,1567,0.12691342,FALSE,FALSE,,
Bay-breasted Warbler,12553,2474,5/2/02,10/15/25,FALSE,FALSE,Monticello Park,1196,0.09527603,FALSE,Monticello Park,5,1636,0.130327412,FALSE,FALSE,,
Bobolink,12959,2657,4/28/02,11/8/25,FALSE,FALSE,**Back Bay NWR,497,0.038351725,FALSE,**Back Bay NWR,5,563,0.04344471,FALSE,FALSE,,
Mute Swan,13236,1629,1/15/02,3/31/26,FALSE,FALSE,Middlesex Drive Pond,1321,0.099803566,FALSE,Middlesex Drive Pond,5,1389,0.10494107,FALSE,FALSE,,
American Pipit,13323,3201,1/12/02,3/31/26,FALSE,FALSE,Guthrie Road,300,0.022517451,FALSE,Guthrie Road,5,368,0.027621407,FALSE,FALSE,,
Cerulean Warbler,13871,2962,4/20/02,10/2/25,FALSE,FALSE,G.R. Thompson WMA--Trillium Trail,1353,0.097541634,FALSE,G.R. Thompson WMA--Trillium Trail,5,2059,0.14843919,FALSE,FALSE,,
Canada Warbler,13906,2509,5/2/02,10/5/25,FALSE,FALSE,Monticello Park,1361,0.097871422,FALSE,Monticello Park,5,1704,0.122537034,FALSE,FALSE,,
Snow Goose,13906,2547,1/12/02,3/31/26,FALSE,FALSE,Chincoteague NWR* (general area),1867,0.134258593,FALSE,Chincoteague NWR* (general area),5,5302,0.38127427,FALSE,FALSE,,
Greater Scaup,14116,1673,1/27/02,3/31/26,FALSE,FALSE,Occoquan Bay NWR,854,0.060498725,FALSE,Occoquan Bay NWR,5,2108,0.149334089,FALSE,FALSE,,
Tennessee Warbler,14264,2679,5/3/02,12/15/25,FALSE,FALSE,Pandapas Pond Day Use Area,706,0.049495233,FALSE,Pandapas Pond Day Use Area,5,990,0.069405496,FALSE,FALSE,,
Black Skimmer,16093,1378,1/13/02,3/14/26,FALSE,FALSE,Chincoteague NWR* (general area),2829,0.175790716,FALSE,Chincoteague NWR* (general area),5,8675,0.539054247,FALSE,FALSE,,
Short-billed Dowitcher,16436,1286,3/18/02,3/31/26,FALSE,FALSE,Chincoteague NWR* (general area),2409,0.146568508,FALSE,Chincoteague NWR* (general area),5,8107,0.493246532,FALSE,FALSE,,
Common Tern,16675,1963,4/20/02,10/30/25,FALSE,FALSE,Chincoteague NWR* (general area),1862,0.111664168,FALSE,Chincoteague NWR* (general area),5,6354,0.381049475,FALSE,FALSE,,
Black-capped Chickadee,16846,3344,1/1/02,3/31/26,FALSE,FALSE,Switzer Lake Area,781,0.046361154,FALSE,Switzer Lake Area,5,986,0.058530215,FALSE,FALSE,,
Northern Waterthrush,17299,2418,4/7/02,3/31/26,FALSE,FALSE,Monticello Park,1166,0.06740274,FALSE,Monticello Park,5,2216,0.12809989,FALSE,FALSE,,
Blackburnian Warbler,17571,3573,4/20/02,10/20/25,FALSE,FALSE,Monticello Park,580,0.033008935,FALSE,Monticello Park,5,912,0.051903705,FALSE,FALSE,,
Least Tern,17614,1777,4/25/02,9/13/25,FALSE,FALSE,Chincoteague NWR* (general area),2515,0.142784149,FALSE,Chincoteague NWR* (general area),5,6857,0.389292608,FALSE,FALSE,,
Glossy Ibis,17812,2027,1/12/02,3/31/26,FALSE,FALSE,Chincoteague NWR* (general area),2849,0.159948349,FALSE,Chincoteague NWR* (general area),5,11150,0.625982484,FALSE,FALSE,,
Horned Lark,18368,4163,1/12/02,3/31/26,FALSE,FALSE,Guthrie Road,681,0.037075348,FALSE,Guthrie Road,5,937,0.051012631,FALSE,FALSE,,
Red-throated Loon,18930,1713,1/11/02,3/31/26,FALSE,FALSE,Little Island Park,1677,0.08858954,FALSE,Little Island Park,5,3757,0.19846804,FALSE,FALSE,,
Northern Bobwhite,19475,5645,1/12/02,3/28/26,FALSE,FALSE,Hog Island WMA,687,0.035275995,FALSE,Hog Island WMA,5,769,0.039486521,FALSE,FALSE,,
Canvasback,20112,2125,1/12/02,3/29/26,FALSE,FALSE,Occoquan Bay NWR,1626,0.080847255,FALSE,Occoquan Bay NWR,5,5043,0.250745823,FALSE,FALSE,,
Yellow-crowned Night Heron,20192,2482,3/23/02,3/31/26,FALSE,FALSE,Pleasure House Point Natural Area,2815,0.139411648,FALSE,Pleasure House Point Natural Area,5,4144,0.205229794,FALSE,FALSE,,
Eastern Screech-Owl,20443,5267,1/12/02,3/30/26,FALSE,FALSE,"My Yard (Georgia Street, Blacksburg, VA)",847,0.041432275,FALSE,"My Yard (Georgia Street, Blacksburg, VA)",5,1605,0.078510982,FALSE,FALSE,,
Black Scoter,20455,1725,1/12/02,3/31/26,FALSE,FALSE,Rudee Inlet,1835,0.089709118,FALSE,Rudee Inlet,5,2479,0.121192862,FALSE,FALSE,,
Redhead,20565,2304,1/1/02,3/31/26,FALSE,FALSE,Silver Lake,1012,0.049209823,FALSE,Silver Lake,5,1119,0.054412837,FALSE,FALSE,,
Blue-winged Teal,20924,2059,2/9/02,3/31/26,FALSE,FALSE,**HUNTLEY MEADOWS PARK,1471,0.070302045,FALSE,**HUNTLEY MEADOWS PARK,5,2670,0.127604665,FALSE,FALSE,,
Peregrine Falcon,21698,3619,1/6/02,3/31/26,FALSE,FALSE,Kiptopeke SP--Hawk Platform,856,0.039450641,FALSE,Kiptopeke SP--Hawk Platform,5,3647,0.168080007,FALSE,FALSE,,
Ruddy Turnstone,21947,1549,1/4/02,3/31/26,FALSE,FALSE,Chincoteague NWR* (general area),2789,0.127078872,FALSE,Chincoteague NWR* (general area),5,7644,0.348293616,FALSE,FALSE,,
Great Horned Owl,22991,5777,1/6/02,3/31/26,FALSE,FALSE,Occoquan Bay NWR,590,0.025662216,FALSE,Occoquan Bay NWR,5,943,0.04101605,FALSE,FALSE,,
Wilson's Snipe,23353,2857,1/10/02,3/31/26,FALSE,FALSE,**HUNTLEY MEADOWS PARK,2484,0.10636749,FALSE,**HUNTLEY MEADOWS PARK,5,3562,0.152528583,FALSE,FALSE,,
Rusty Blackbird,23453,3265,1/6/02,3/31/26,FALSE,FALSE,**HUNTLEY MEADOWS PARK,3424,0.145994116,FALSE,**HUNTLEY MEADOWS PARK,5,5507,0.234810046,FALSE,FALSE,,
Merlin,23522,4208,1/6/02,3/31/26,FALSE,FALSE,Kiptopeke SP--Hawk Platform,1017,0.043236119,FALSE,Kiptopeke SP--Hawk Platform,5,4400,0.187058924,FALSE,FALSE,,
Veery,23553,4148,4/29/02,10/11/25,FALSE,FALSE,Monticello Park,2282,0.09688787,FALSE,Monticello Park,5,3143,0.133443723,FALSE,FALSE,,
Clapper Rail,24009,2116,1/12/02,3/31/26,FALSE,FALSE,Pleasure House Point Natural Area,2881,0.119996668,FALSE,Pleasure House Point Natural Area,5,3275,0.136407181,FALSE,FALSE,,
Semipalmated Sandpiper,24198,2220,4/20/02,1/2/26,FALSE,FALSE,Chincoteague NWR* (general area),2684,0.110918258,FALSE,Chincoteague NWR* (general area),5,8193,0.338581701,FALSE,FALSE,,
Little Blue Heron,24383,2343,1/12/02,3/30/26,FALSE,FALSE,Chincoteague NWR* (general area),3484,0.142886437,FALSE,Chincoteague NWR* (general area),5,13408,0.549891318,FALSE,FALSE,,
Surf Scoter,24925,2203,1/4/02,3/31/26,FALSE,FALSE,Chincoteague NWR* (general area),1349,0.054122367,FALSE,Chincoteague NWR* (general area),5,3632,0.145717151,FALSE,FALSE,,
Northern Gannet,25966,2199,1/4/02,3/31/26,FALSE,FALSE,Little Island Park,1943,0.074828622,FALSE,Little Island Park,5,5079,0.195601941,FALSE,FALSE,,
Tricolored Heron,26414,2304,1/12/02,3/31/26,FALSE,FALSE,Chincoteague NWR* (general area),4116,0.155826456,FALSE,Chincoteague NWR* (general area),5,17336,0.656318619,FALSE,FALSE,,
Broad-winged Hawk,26534,6758,4/3/02,3/31/26,FALSE,FALSE,Rockfish Gap Hawk Watch,1142,0.04303912,FALSE,Rockfish Gap Hawk Watch,5,1473,0.055513681,FALSE,FALSE,,
Grasshopper Sparrow,27121,7463,3/30/02,11/14/25,FALSE,FALSE,Botetourt Center at Greenfield,565,0.020832565,FALSE,Botetourt Center at Greenfield,5,618,0.02278677,FALSE,FALSE,,
Lesser Black-backed Gull,27573,2041,1/4/02,3/31/26,FALSE,FALSE,**Back Bay NWR,2355,0.08540964,FALSE,**Back Bay NWR,5,6515,0.23628187,FALSE,FALSE,,
Fox Sparrow,27826,5112,1/3/02,3/31/26,FALSE,FALSE,Occoquan Bay NWR,1242,0.044634514,FALSE,Occoquan Bay NWR,5,2007,0.072126788,FALSE,FALSE,,
Black-bellied Plover,28092,2114,1/1/02,3/31/26,FALSE,FALSE,Chincoteague NWR* (general area),4606,0.16396127,FALSE,Chincoteague NWR* (general area),5,13605,0.484301581,FALSE,FALSE,,
Dunlin,28635,2090,1/1/02,3/31/26,FALSE,FALSE,Chincoteague NWR* (general area),4218,0.147302252,FALSE,Chincoteague NWR* (general area),5,13486,0.470962109,FALSE,FALSE,,
Bonaparte's Gull,28833,3056,1/4/02,3/31/26,FALSE,FALSE,Rudee Inlet,1086,0.037665175,FALSE,Rudee Inlet,5,1648,0.05715673,FALSE,FALSE,,
Northern Pintail,28851,2450,1/1/02,3/31/26,FALSE,FALSE,**HUNTLEY MEADOWS PARK,5712,0.197982739,FALSE,**HUNTLEY MEADOWS PARK,5,8597,0.297979273,FALSE,FALSE,,
Semipalmated Plover,29498,2644,4/10/02,3/31/26,FALSE,FALSE,Chincoteague NWR* (general area),3391,0.114956946,FALSE,Chincoteague NWR* (general area),5,10763,0.364872195,FALSE,FALSE,,
American Coot,30022,2313,1/26/02,3/31/26,FALSE,FALSE,Occoquan Bay NWR,1777,0.059189927,FALSE,Occoquan Bay NWR,5,4895,0.163047099,FALSE,FALSE,,
Lesser Yellowlegs,30438,2817,2/10/02,3/31/26,FALSE,FALSE,Chincoteague NWR* (general area),2542,0.083514029,FALSE,Chincoteague NWR* (general area),5,7854,0.258032722,FALSE,FALSE,,
Worm-eating Warbler,30448,7863,4/18/02,10/3/25,FALSE,FALSE,G.R. Thompson WMA--Trillium Trail,587,0.01927877,FALSE,G.R. Thompson WMA--Trillium Trail,5,1040,0.034156595,FALSE,FALSE,,
Swainson's Thrush,30780,4619,4/23/02,11/20/25,FALSE,FALSE,Monticello Park,2972,0.096556205,FALSE,Monticello Park,5,4827,0.156822612,FALSE,FALSE,,
White Ibis,31167,3469,4/7/02,3/31/26,FALSE,FALSE,Chincoteague NWR* (general area),3027,0.097121956,FALSE,Chincoteague NWR* (general area),5,16339,0.524240382,FALSE,FALSE,,
Pine Siskin,31500,5796,1/2/02,3/31/26,FALSE,FALSE,Blandy Experimental Farm/State Arboretum of Virginia,631,0.020031746,FALSE,Blandy Experimental Farm/State Arboretum of Virginia,5,662,0.021015873,FALSE,FALSE,,
Eastern Warbling Vireo,32156,4607,4/20/02,10/10/25,FALSE,FALSE,Dyke Marsh Wildlife Preserve,2185,0.067949994,FALSE,Dyke Marsh Wildlife Preserve,5,3211,0.099856947,FALSE,FALSE,,
Least Sandpiper,32418,2948,1/30/02,3/31/26,FALSE,FALSE,Chincoteague NWR* (general area),2168,0.066876427,FALSE,Chincoteague NWR* (general area),5,6555,0.20220248,FALSE,FALSE,,
American Oystercatcher,32571,2573,1/12/02,3/31/26,FALSE,FALSE,Chincoteague NWR* (general area),4706,0.144484357,FALSE,Chincoteague NWR* (general area),5,20116,0.617604618,FALSE,FALSE,,
Tundra Swan,32740,3880,1/1/02,3/30/26,FALSE,FALSE,**Back Bay NWR,2340,0.071472205,FALSE,**Back Bay NWR,5,4172,0.127428222,FALSE,FALSE,,
Caspian Tern,33408,2429,3/29/02,3/31/26,FALSE,FALSE,Dyke Marsh Wildlife Preserve,2657,0.079531849,FALSE,Dyke Marsh Wildlife Preserve,5,6874,0.2057591,FALSE,FALSE,,
Cape May Warbler,33758,5201,4/27/02,3/20/26,FALSE,FALSE,Monticello Park,2054,0.060844837,FALSE,Monticello Park,5,3314,0.098169323,FALSE,FALSE,,
Solitary Sandpiper,34083,4439,4/1/02,3/29/26,FALSE,FALSE,**HUNTLEY MEADOWS PARK,3548,0.104098818,FALSE,**HUNTLEY MEADOWS PARK,5,5264,0.154446498,FALSE,FALSE,,
Willet,36158,2885,1/1/02,3/31/26,FALSE,FALSE,Chincoteague NWR* (general area),5471,0.151308148,FALSE,Chincoteague NWR* (general area),5,21021,0.58136512,FALSE,FALSE,,
Horned Grebe,36644,3317,1/1/02,3/31/26,FALSE,FALSE,Chincoteague NWR* (general area),1482,0.040443183,FALSE,Chincoteague NWR* (general area),5,5328,0.145398974,FALSE,FALSE,,
White-crowned Sparrow,37018,5743,1/1/02,3/31/26,FALSE,FALSE,Blandy Experimental Farm/State Arboretum of Virginia,1711,0.046220757,FALSE,Blandy Experimental Farm/State Arboretum of Virginia,5,1914,0.051704576,FALSE,FALSE,,
Chestnut-sided Warbler,37595,5932,4/20/02,10/13/25,FALSE,FALSE,Monticello Park,2319,0.061683735,FALSE,Monticello Park,5,3396,0.090331161,FALSE,FALSE,,
Palm Warbler,39105,5869,2/2/02,3/31/26,FALSE,FALSE,Occoquan Bay NWR,1847,0.047231812,FALSE,Occoquan Bay NWR,5,3238,0.082802711,FALSE,FALSE,,
American Wigeon,39558,3381,1/1/02,3/31/26,FALSE,FALSE,Dutch Gap Conservation Area/Henricus Historical Park,2727,0.068936751,FALSE,Dutch Gap Conservation Area/Henricus Historical Park,5,3499,0.088452399,FALSE,FALSE,,
Magnolia Warbler,41152,5410,4/29/02,10/26/25,FALSE,FALSE,Monticello Park,1985,0.048235809,FALSE,Monticello Park,5,3922,0.09530521,FALSE,FALSE,,
Blackpoll Warbler,41199,7005,5/2/02,11/9/25,FALSE,FALSE,Monticello Park,2386,0.057914027,FALSE,Monticello Park,5,6266,0.15209107,FALSE,FALSE,,
Common Merganser,41600,4833,1/1/02,3/31/26,FALSE,FALSE,Great Falls Park,5149,0.123774038,FALSE,Great Falls Park,5,7497,0.180216346,FALSE,FALSE,,
Yellow-breasted Chat,42006,9790,4/20/02,3/12/26,FALSE,FALSE,Occoquan Bay NWR,2889,0.068775889,FALSE,Occoquan Bay NWR,5,3794,0.09032043,FALSE,FALSE,,
Boat-tailed Grackle,42655,3904,1/12/02,3/31/26,FALSE,FALSE,Chincoteague NWR* (general area),3692,0.086554917,FALSE,Chincoteague NWR* (general area),5,17439,0.408838354,FALSE,FALSE,,
Sanderling,42924,2675,1/11/02,3/31/26,FALSE,FALSE,Chincoteague NWR* (general area),5089,0.118558382,FALSE,Chincoteague NWR* (general area),5,13588,0.316559501,FALSE,FALSE,,
Rose-breasted Grosbeak,43497,8449,4/15/02,1/1/26,FALSE,FALSE,Monticello Park,1542,0.035450721,FALSE,Monticello Park,5,2460,0.056555625,FALSE,FALSE,,
Prothonotary Warbler,43700,5036,4/7/02,3/31/26,FALSE,FALSE,Occoquan Bay NWR,3042,0.069610984,FALSE,Occoquan Bay NWR,5,5583,0.127757437,FALSE,FALSE,,
Savannah Sparrow,44068,6496,1/1/02,3/31/26,FALSE,FALSE,Occoquan Bay NWR,1479,0.033561768,FALSE,Occoquan Bay NWR,5,2415,0.05480167,FALSE,FALSE,,
Black-throated Green Warbler,44891,8141,4/17/02,3/31/26,FALSE,FALSE,Monticello Park,1768,0.039384286,FALSE,Monticello Park,5,2940,0.065491969,FALSE,FALSE,,
Green-winged Teal,46241,3395,1/1/02,3/31/26,FALSE,FALSE,**HUNTLEY MEADOWS PARK,6862,0.148396445,FALSE,**HUNTLEY MEADOWS PARK,5,10477,0.22657382,FALSE,FALSE,,
Lesser Scaup,46605,3836,1/1/02,3/31/26,FALSE,FALSE,Occoquan Bay NWR,4664,0.100075099,FALSE,Occoquan Bay NWR,5,11353,0.243600472,FALSE,FALSE,,
Northern Shoveler,48293,3529,1/1/02,3/31/26,FALSE,FALSE,**HUNTLEY MEADOWS PARK,6262,0.129666825,FALSE,**HUNTLEY MEADOWS PARK,5,10578,0.219037956,FALSE,FALSE,,
Sharp-shinned Hawk,48519,9267,1/1/02,3/31/26,FALSE,FALSE,Rockfish Gap Hawk Watch,1396,0.028772234,FALSE,Rockfish Gap Hawk Watch,5,1553,0.032008079,FALSE,FALSE,,
Black-throated Blue Warbler,49247,7410,4/21/02,3/11/26,FALSE,FALSE,Monticello Park,4486,0.091091843,FALSE,Monticello Park,5,6558,0.133165472,FALSE,FALSE,,
Prairie Warbler,51844,10404,4/7/02,3/31/26,FALSE,FALSE,Occoquan Bay NWR,3583,0.06911118,FALSE,Occoquan Bay NWR,5,4793,0.092450428,FALSE,FALSE,,
Snowy Egret,52200,4407,1/12/02,3/31/26,FALSE,FALSE,Chincoteague NWR* (general area),5820,0.111494253,FALSE,Chincoteague NWR* (general area),5,25964,0.497394636,FALSE,FALSE,,
Hooded Warbler,52848,12910,4/14/02,10/18/25,FALSE,FALSE,G.R. Thompson WMA--Trillium Trail,1226,0.023198607,FALSE,G.R. Thompson WMA--Trillium Trail,5,1967,0.037219952,FALSE,FALSE,,
Red-breasted Merganser,53256,4753,1/4/02,3/31/26,FALSE,FALSE,Chincoteague NWR* (general area),2247,0.042192429,FALSE,Chincoteague NWR* (general area),5,8496,0.15953132,FALSE,FALSE,,
Northern Yellow Warbler,53584,8915,1/26/02,12/26/25,FALSE,FALSE,Occoquan Bay NWR,2392,0.044640191,FALSE,Occoquan Bay NWR,5,4851,0.090530755,FALSE,FALSE,,
Red-breasted Nuthatch,53757,9480,1/1/02,3/31/26,FALSE,FALSE,Blandy Experimental Farm/State Arboretum of Virginia,1225,0.02278773,FALSE,Blandy Experimental Farm/State Arboretum of Virginia,5,1266,0.023550421,FALSE,FALSE,,
Louisiana Waterthrush,54062,10670,3/27/02,3/31/26,FALSE,FALSE,Great Falls Park,1235,0.022844142,FALSE,Great Falls Park,5,2263,0.041859347,FALSE,FALSE,,
Barred Owl,56409,10783,1/12/02,3/31/26,FALSE,FALSE,**HUNTLEY MEADOWS PARK,2755,0.048839724,FALSE,**HUNTLEY MEADOWS PARK,5,6780,0.120193586,FALSE,FALSE,,
Yellow-throated Warbler,57686,9452,3/24/02,3/31/26,FALSE,FALSE,Leesylvania State Park,1540,0.026696252,FALSE,Leesylvania State Park,5,3972,0.068855528,FALSE,FALSE,,
Purple Finch,57900,8931,1/1/02,3/31/26,FALSE,FALSE,"WML (Private/Restricted Access), WCBRAP, Verona, Augusta, VA-US",2426,0.041899827,FALSE,"WML (Private/Restricted Access), WCBRAP, Verona, Augusta, VA-US",5,2659,0.045924007,FALSE,FALSE,,
Northern Harrier,58101,8803,1/1/02,3/31/26,FALSE,FALSE,**Back Bay NWR,2507,0.043148999,FALSE,**Back Bay NWR,5,4096,0.070497926,FALSE,FALSE,,
Summer Tanager,58811,11292,4/18/02,2/5/26,FALSE,FALSE,York River State Park,1385,0.023550016,FALSE,York River State Park,5,2191,0.037254935,FALSE,FALSE,,
Blue-headed Vireo,59044,11658,1/12/02,3/31/26,FALSE,FALSE,Pandapas Pond Day Use Area,1591,0.026946006,FALSE,Pandapas Pond Day Use Area,5,2623,0.044424497,FALSE,FALSE,,
Yellow-throated Vireo,59306,12813,4/14/02,10/11/25,FALSE,FALSE,Pandapas Pond Day Use Area,890,0.015006913,FALSE,Pandapas Pond Day Use Area,5,1345,0.022678987,FALSE,FALSE,,
Greater Yellowlegs,59857,4521,1/1/02,3/31/26,FALSE,FALSE,Chincoteague NWR* (general area),5119,0.085520491,FALSE,Chincoteague NWR* (general area),5,18395,0.307315769,FALSE,FALSE,,
Spotted Sandpiper,60688,6458,4/16/02,3/29/26,FALSE,FALSE,**HUNTLEY MEADOWS PARK,2119,0.034916293,FALSE,**HUNTLEY MEADOWS PARK,5,5434,0.089539942,FALSE,FALSE,,
Royal Tern,61526,4979,3/24/02,3/31/26,FALSE,FALSE,Chincoteague NWR* (general area),3855,0.062656438,FALSE,Chincoteague NWR* (general area),5,13342,0.216851412,FALSE,FALSE,,
Common Loon,62001,5950,1/4/02,3/31/26,FALSE,FALSE,Chincoteague NWR* (general area),2896,0.046708924,FALSE,Chincoteague NWR* (general area),5,10566,0.170416606,FALSE,FALSE,,
Wild Turkey,63732,18744,1/10/02,3/31/26,FALSE,FALSE,Occoquan Bay NWR,3739,0.058667545,FALSE,Occoquan Bay NWR,5,4877,0.076523567,FALSE,FALSE,,
Winter Wren,63996,8325,1/2/02,3/31/26,FALSE,FALSE,**HUNTLEY MEADOWS PARK,2518,0.039346209,FALSE,**HUNTLEY MEADOWS PARK,5,6676,0.10431902,FALSE,FALSE,,
Baltimore Oriole,71473,11648,1/13/02,3/31/26,FALSE,FALSE,Dyke Marsh Wildlife Preserve,1913,0.026765352,FALSE,Dyke Marsh Wildlife Preserve,5,4989,0.069802583,FALSE,FALSE,,
Forster's Tern,72098,5411,1/12/02,3/31/26,FALSE,FALSE,Chincoteague NWR* (general area),6165,0.085508613,FALSE,Chincoteague NWR* (general area),5,24923,0.345682266,FALSE,FALSE,,
Purple Martin,72863,11763,3/16/02,3/31/26,FALSE,FALSE,**Back Bay NWR,2394,0.032856182,FALSE,**Back Bay NWR,5,3599,0.049394068,FALSE,FALSE,,
Brown Pelican,74371,6929,1/11/02,3/31/26,FALSE,FALSE,**Back Bay NWR,4732,0.063626951,FALSE,**Back Bay NWR,5,9994,0.134380336,FALSE,FALSE,,
Ring-necked Duck,75195,6919,1/1/02,3/31/26,FALSE,FALSE,Dutch Gap Conservation Area/Henricus Historical Park,3449,0.045867411,FALSE,Dutch Gap Conservation Area/Henricus Historical Park,5,4732,0.062929716,FALSE,FALSE,,
Brown Creeper,76218,11286,1/1/02,3/31/26,FALSE,FALSE,**HUNTLEY MEADOWS PARK,2802,0.036762969,FALSE,**HUNTLEY MEADOWS PARK,5,6142,0.080584639,FALSE,FALSE,,
Ruddy Duck,76648,5515,1/6/02,3/31/26,FALSE,FALSE,Occoquan Bay NWR,4364,0.056935602,FALSE,Occoquan Bay NWR,5,10259,0.133845632,FALSE,FALSE,,
American Black Duck,76936,5984,1/1/02,3/31/26,FALSE,FALSE,Chincoteague NWR* (general area),4693,0.060998752,FALSE,Chincoteague NWR* (general area),5,16748,0.217687429,FALSE,FALSE,,
Brown-headed Nuthatch,79383,8191,1/1/02,3/31/26,FALSE,FALSE,Clark Yard - Windsor Pt,3806,0.047944774,FALSE,Clark Yard - Windsor Pt,5,9651,0.121575148,FALSE,FALSE,,
Blue Grosbeak,79902,15124,4/20/02,11/8/25,FALSE,FALSE,**Back Bay NWR,3073,0.038459613,FALSE,**Back Bay NWR,5,4209,0.052677029,FALSE,FALSE,,
Gadwall,84729,5825,1/1/02,3/31/26,FALSE,FALSE,**HUNTLEY MEADOWS PARK,3951,0.046631024,FALSE,**HUNTLEY MEADOWS PARK,5,6773,0.079937212,FALSE,FALSE,,
Orchard Oriole,87074,14010,4/7/02,9/16/25,FALSE,FALSE,Dyke Marsh Wildlife Preserve,2603,0.029894113,FALSE,Dyke Marsh Wildlife Preserve,5,5935,0.068160415,FALSE,FALSE,,
Northern Rough-winged Swallow,89783,11306,3/23/02,3/31/26,FALSE,FALSE,**HUNTLEY MEADOWS PARK,4734,0.052727131,FALSE,**HUNTLEY MEADOWS PARK,5,10912,0.121537485,FALSE,FALSE,,
American Kestrel,90309,20142,1/1/02,3/31/26,FALSE,FALSE,Dutch Gap Conservation Area/Henricus Historical Park,1643,0.018193093,FALSE,Dutch Gap Conservation Area/Henricus Historical Park,5,2376,0.02630967,FALSE,FALSE,,
Red-headed Woodpecker,90591,14275,1/6/02,3/31/26,FALSE,FALSE,**HUNTLEY MEADOWS PARK,5616,0.061992913,FALSE,**HUNTLEY MEADOWS PARK,5,7886,0.08705059,FALSE,FALSE,,
Pied-billed Grebe,95296,7113,1/1/02,3/31/26,FALSE,FALSE,Occoquan Bay NWR,3831,0.040201058,FALSE,Occoquan Bay NWR,5,7683,0.080622482,FALSE,FALSE,,
Acadian Flycatcher,97881,18141,4/24/02,10/4/25,FALSE,FALSE,**HUNTLEY MEADOWS PARK,4297,0.043900246,FALSE,**HUNTLEY MEADOWS PARK,5,7629,0.077941582,FALSE,FALSE,,
Green Heron,100219,12537,4/7/02,3/31/26,FALSE,FALSE,**HUNTLEY MEADOWS PARK,7367,0.073509015,FALSE,**HUNTLEY MEADOWS PARK,5,12403,0.123758968,FALSE,FALSE,,
Black-and-white Warbler,104532,17379,4/6/02,3/31/26,FALSE,FALSE,Monticello Park,4153,0.039729461,FALSE,Monticello Park,5,6912,0.066123292,FALSE,FALSE,,
Yellow-billed Cuckoo,105412,18981,4/21/02,11/2/25,FALSE,FALSE,**HUNTLEY MEADOWS PARK,3824,0.036276705,FALSE,**HUNTLEY MEADOWS PARK,5,6578,0.062402762,FALSE,FALSE,,
Cooper's Hawk,107452,19425,1/1/02,3/31/26,FALSE,FALSE,Occoquan Bay NWR,2319,0.02158173,FALSE,Occoquan Bay NWR,5,4862,0.045248111,FALSE,FALSE,,
Great Black-backed Gull,109158,8455,1/1/02,3/31/26,FALSE,FALSE,Chincoteague NWR* (general area),5749,0.052666777,FALSE,Chincoteague NWR* (general area),5,18997,0.174032137,FALSE,FALSE,,
White-eyed Vireo,113437,17414,4/1/02,3/31/26,FALSE,FALSE,Occoquan Bay NWR,4247,0.037439283,FALSE,Occoquan Bay NWR,5,6625,0.058402461,FALSE,FALSE,,
Ovenbird,118413,23395,4/1/02,3/31/26,FALSE,FALSE,Monticello Park,3826,0.032310642,FALSE,Monticello Park,5,5579,0.047114759,FALSE,FALSE,,
Eastern Meadowlark,118420,23757,1/12/02,3/31/26,FALSE,FALSE,Blandy Experimental Farm/State Arboretum of Virginia,1733,0.014634352,FALSE,Blandy Experimental Farm/State Arboretum of Virginia,5,2472,0.020874852,FALSE,FALSE,,
American Redstart,120923,17652,4/14/02,12/14/25,FALSE,FALSE,Monticello Park,4247,0.035121524,FALSE,Monticello Park,5,7949,0.065736047,FALSE,FALSE,,
Scarlet Tanager,120981,23295,4/18/02,10/17/25,FALSE,FALSE,Monticello Park,2509,0.020738794,FALSE,Monticello Park,5,4274,0.035327861,FALSE,FALSE,,
Northern Parula,123437,17800,4/7/02,3/31/26,FALSE,FALSE,Monticello Park,4129,0.033450262,FALSE,Monticello Park,5,8533,0.069128381,FALSE,FALSE,,
Hermit Thrush,124580,15663,1/1/02,3/31/26,FALSE,FALSE,Monticello Park,3123,0.025068229,FALSE,Monticello Park,5,6217,0.049903676,FALSE,FALSE,,
Swamp Sparrow,124909,9860,1/1/02,3/31/26,FALSE,FALSE,**HUNTLEY MEADOWS PARK,10208,0.081723495,FALSE,**HUNTLEY MEADOWS PARK,5,19750,0.158115108,FALSE,FALSE,,
Hooded Merganser,126040,13091,1/1/02,3/31/26,FALSE,FALSE,**HUNTLEY MEADOWS PARK,9967,0.07907807,FALSE,**HUNTLEY MEADOWS PARK,5,18153,0.144025706,FALSE,FALSE,,
Wood Thrush,127566,25121,4/17/02,10/21/25,FALSE,FALSE,Monticello Park,3486,0.027327031,FALSE,Monticello Park,5,5602,0.043914523,FALSE,FALSE,,
Wood Duck,129766,12797,1/4/02,3/31/26,FALSE,FALSE,**HUNTLEY MEADOWS PARK,9104,0.070157052,FALSE,**HUNTLEY MEADOWS PARK,5,16628,0.128138341,FALSE,FALSE,,
Common Raven,132761,25124,1/1/02,3/31/26,FALSE,FALSE,Rockfish Gap Hawk Watch,1812,0.013648587,FALSE,Rockfish Gap Hawk Watch,5,3058,0.023033873,FALSE,FALSE,,
Eastern Kingbird,133610,21142,4/7/02,11/8/25,FALSE,FALSE,**HUNTLEY MEADOWS PARK,3583,0.026816855,FALSE,**HUNTLEY MEADOWS PARK,5,10332,0.077329541,FALSE,FALSE,,
Northern House Wren,138191,18676,1/12/02,3/31/26,FALSE,FALSE,Monticello Park,1968,0.014241159,FALSE,Monticello Park,5,9317,0.067421178,FALSE,FALSE,,
Golden-crowned Kinglet,142380,17986,1/1/02,3/31/26,FALSE,FALSE,Occoquan Bay NWR,3289,0.023100155,FALSE,Occoquan Bay NWR,5,7441,0.052261554,FALSE,FALSE,,
Yellow-bellied Sapsucker,146822,20023,1/1/02,3/31/26,FALSE,FALSE,Great Falls Park,1948,0.013267766,FALSE,Great Falls Park,5,3424,0.023320756,FALSE,FALSE,,
Bufflehead,157969,12918,1/1/02,3/31/26,FALSE,FALSE,Occoquan Bay NWR,4235,0.026809057,FALSE,Occoquan Bay NWR,5,9767,0.061828587,FALSE,FALSE,,
Laughing Gull,164311,14908,1/4/02,3/31/26,FALSE,FALSE,Chincoteague NWR* (general area),5990,0.036455259,FALSE,Chincoteague NWR* (general area),5,32456,0.197527859,FALSE,FALSE,,
American Herring Gull,166748,13307,1/1/02,3/31/26,FALSE,FALSE,Chincoteague NWR* (general area),7605,0.045607743,FALSE,Chincoteague NWR* (general area),5,34418,0.206407273,FALSE,FALSE,,
Killdeer,171963,23325,1/1/02,3/31/26,FALSE,FALSE,**HUNTLEY MEADOWS PARK,3771,0.021929136,FALSE,**HUNTLEY MEADOWS PARK,5,8730,0.050766735,FALSE,FALSE,,
Great Egret,173516,15600,1/1/02,3/31/26,FALSE,FALSE,Chincoteague NWR* (general area),7912,0.0455981,FALSE,Chincoteague NWR* (general area),5,37452,0.215841767,FALSE,FALSE,,
Hairy Woodpecker,179174,22859,1/1/02,3/31/26,FALSE,FALSE,**HUNTLEY MEADOWS PARK,5293,0.029541116,FALSE,**HUNTLEY MEADOWS PARK,5,12378,0.069083684,FALSE,FALSE,,
Ruby-throated Hummingbird,191950,23139,4/15/02,3/31/26,FALSE,FALSE,**HUNTLEY MEADOWS PARK,3931,0.020479291,FALSE,**HUNTLEY MEADOWS PARK,5,9591,0.049966137,FALSE,FALSE,,
Field Sparrow,193414,29835,1/1/02,3/31/26,FALSE,FALSE,Occoquan Bay NWR,4721,0.024408781,FALSE,Occoquan Bay NWR,5,8070,0.04172397,FALSE,FALSE,,
Great Crested Flycatcher,194074,26917,4/15/02,10/6/25,FALSE,FALSE,**HUNTLEY MEADOWS PARK,3526,0.018168328,FALSE,**HUNTLEY MEADOWS PARK,5,11613,0.059838,FALSE,FALSE,,
Barn Swallow,197370,31559,3/21/02,3/31/26,FALSE,FALSE,**HUNTLEY MEADOWS PARK,7335,0.037163703,FALSE,**HUNTLEY MEADOWS PARK,5,16621,0.084212393,FALSE,FALSE,,
Pine Warbler,198420,27065,1/1/02,3/31/26,FALSE,FALSE,Stumpy Lake Natural Area,2675,0.013481504,FALSE,Stumpy Lake Natural Area,5,5228,0.02634815,FALSE,FALSE,,
Common Yellowthroat,203406,25292,1/27/02,3/31/26,FALSE,FALSE,**HUNTLEY MEADOWS PARK,8276,0.040687099,FALSE,**HUNTLEY MEADOWS PARK,5,18198,0.089466387,FALSE,FALSE,,
Red-tailed Hawk,207408,41845,1/1/02,3/31/26,FALSE,FALSE,Occoquan Bay NWR,3397,0.016378346,FALSE,Occoquan Bay NWR,5,8150,0.039294531,FALSE,FALSE,,
Cedar Waxwing,210846,31367,1/1/02,3/31/26,FALSE,FALSE,Occoquan Bay NWR,3186,0.015110555,FALSE,Occoquan Bay NWR,5,7099,0.033669123,FALSE,FALSE,,
Ruby-crowned Kinglet,212968,21927,1/2/02,3/31/26,FALSE,FALSE,Occoquan Bay NWR,4466,0.020970287,FALSE,Occoquan Bay NWR,5,10191,0.047852259,FALSE,FALSE,,
Chimney Swift,222125,30684,4/3/02,3/31/26,FALSE,FALSE,**HUNTLEY MEADOWS PARK,5148,0.02317614,FALSE,**HUNTLEY MEADOWS PARK,5,18850,0.084862127,FALSE,FALSE,,
Brown Thrasher,236246,33405,1/2/02,3/31/26,FALSE,FALSE,Occoquan Bay NWR,4889,0.02069453,FALSE,Occoquan Bay NWR,5,8410,0.035598486,FALSE,FALSE,,
Osprey,238711,26533,1/15/02,3/31/26,FALSE,FALSE,Occoquan Bay NWR,7472,0.031301448,FALSE,Occoquan Bay NWR,5,19062,0.079853882,FALSE,FALSE,,
Eastern Wood-Pewee,240664,36087,4/21/02,10/23/25,FALSE,FALSE,**HUNTLEY MEADOWS PARK,5753,0.023904697,FALSE,**HUNTLEY MEADOWS PARK,5,12173,0.050580893,FALSE,FALSE,,
Belted Kingfisher,245058,23162,1/1/02,3/31/26,FALSE,FALSE,**HUNTLEY MEADOWS PARK,7777,0.031735344,FALSE,**HUNTLEY MEADOWS PARK,5,18761,0.076557386,FALSE,FALSE,,
Tree Swallow,246146,27072,2/14/02,3/31/26,FALSE,FALSE,**HUNTLEY MEADOWS PARK,7679,0.031196932,FALSE,**HUNTLEY MEADOWS PARK,5,18002,0.073135456,FALSE,FALSE,,
Blue-gray Gnatcatcher,253077,34388,2/19/02,3/31/26,FALSE,FALSE,**HUNTLEY MEADOWS PARK,7281,0.0287699,FALSE,**HUNTLEY MEADOWS PARK,5,18286,0.072254689,FALSE,FALSE,,
Indigo Bunting,253801,46231,4/18/02,11/3/25,FALSE,FALSE,**HUNTLEY MEADOWS PARK,4561,0.017970772,FALSE,**HUNTLEY MEADOWS PARK,5,10595,0.041745304,FALSE,FALSE,,
Brown-headed Cowbird,282399,38389,1/2/02,3/31/26,FALSE,FALSE,"WML (Private/Restricted Access), WCBRAP, Verona, Augusta, VA-US",3279,0.011611231,FALSE,"WML (Private/Restricted Access), WCBRAP, Verona, Augusta, VA-US",5,4027,0.014259966,FALSE,FALSE,,
Ring-billed Gull,283739,23538,1/1/02,3/31/26,FALSE,FALSE,Occoquan Bay NWR,8373,0.029509514,FALSE,Occoquan Bay NWR,5,25308,0.089194647,FALSE,FALSE,,
Red-shouldered Hawk,291101,38360,1/1/02,3/31/26,FALSE,FALSE,**HUNTLEY MEADOWS PARK,11799,0.040532324,FALSE,**HUNTLEY MEADOWS PARK,5,23680,0.081346337,FALSE,FALSE,,
Yellow-rumped Warbler,294585,31290,1/1/02,3/31/26,FALSE,FALSE,Monticello Park,4047,0.01373797,FALSE,Monticello Park,5,13489,0.04578984,FALSE,FALSE,,
Red-eyed Vireo,303460,47896,4/7/02,10/25/25,FALSE,FALSE,**HUNTLEY MEADOWS PARK,5736,0.018901997,FALSE,**HUNTLEY MEADOWS PARK,5,14004,0.046147762,FALSE,FALSE,,
Dark-eyed Junco,311432,40550,1/1/02,3/31/26,FALSE,FALSE,**HUNTLEY MEADOWS PARK,3145,0.010098513,FALSE,**HUNTLEY MEADOWS PARK,5,13421,0.04309448,FALSE,FALSE,,
Eastern Phoebe,314487,40178,1/2/02,3/31/26,FALSE,FALSE,**HUNTLEY MEADOWS PARK,8131,0.025854805,FALSE,**HUNTLEY MEADOWS PARK,5,15837,0.050358202,FALSE,FALSE,,
Bald Eagle,320561,37491,1/1/02,3/31/26,FALSE,FALSE,Occoquan Bay NWR,11102,0.034633034,FALSE,Occoquan Bay NWR,5,30924,0.096468379,FALSE,FALSE,,
Double-crested Cormorant,328398,24800,1/2/02,3/31/26,FALSE,FALSE,Occoquan Bay NWR,8128,0.024750455,FALSE,Occoquan Bay NWR,5,20532,0.062521696,FALSE,FALSE,,
Black Vulture,329422,49408,1/1/02,3/31/26,FALSE,FALSE,Great Falls Park,6242,0.01894834,FALSE,Great Falls Park,5,10298,0.031260814,FALSE,FALSE,,
Fish Crow,365069,35847,1/1/02,3/31/26,FALSE,FALSE,**HUNTLEY MEADOWS PARK,9896,0.027107204,FALSE,**HUNTLEY MEADOWS PARK,5,41756,0.114378378,FALSE,FALSE,,
Gray Catbird,366259,41035,1/1/02,3/31/26,FALSE,FALSE,Monticello Park,6039,0.016488332,FALSE,Monticello Park,5,28211,0.077024728,FALSE,FALSE,,
Northern Flicker,366708,40600,1/1/02,3/31/26,FALSE,FALSE,**HUNTLEY MEADOWS PARK,9670,0.026369755,FALSE,**HUNTLEY MEADOWS PARK,5,25586,0.069772135,FALSE,FALSE,,
Pileated Woodpecker,389101,46861,1/1/02,3/31/26,FALSE,FALSE,**HUNTLEY MEADOWS PARK,11304,0.029051583,FALSE,**HUNTLEY MEADOWS PARK,5,21939,0.056383818,FALSE,FALSE,,
Chipping Sparrow,398470,57638,1/12/02,3/31/26,FALSE,FALSE,"WML (Private/Restricted Access), WCBRAP, Verona, Augusta, VA-US",3670,0.009210229,FALSE,"WML (Private/Restricted Access), WCBRAP, Verona, Augusta, VA-US",5,4815,0.01208372,FALSE,FALSE,,
Eastern Towhee,411425,51297,1/2/02,3/31/26,FALSE,FALSE,Occoquan Bay NWR,7897,0.019194264,FALSE,Occoquan Bay NWR,5,14038,0.034120435,FALSE,FALSE,,
Great Blue Heron,431192,40740,1/1/02,3/31/26,FALSE,FALSE,**HUNTLEY MEADOWS PARK,18123,0.042030001,FALSE,**HUNTLEY MEADOWS PARK,5,43405,0.100662814,FALSE,FALSE,,
Common Grackle,434046,54261,1/1/02,3/31/26,FALSE,FALSE,**HUNTLEY MEADOWS PARK,8639,0.01990342,FALSE,**HUNTLEY MEADOWS PARK,5,38013,0.087578275,FALSE,FALSE,,
Mallard,451746,34039,1/1/02,3/31/26,FALSE,FALSE,**HUNTLEY MEADOWS PARK,17879,0.03957755,FALSE,**HUNTLEY MEADOWS PARK,5,52048,0.115215187,FALSE,FALSE,,
Red-winged Blackbird,476511,49902,1/1/02,3/31/26,FALSE,FALSE,**HUNTLEY MEADOWS PARK,17924,0.037615081,FALSE,**HUNTLEY MEADOWS PARK,5,46205,0.096965233,FALSE,FALSE,,
White-breasted Nuthatch,592153,55981,1/1/02,3/31/26,FALSE,FALSE,**HUNTLEY MEADOWS PARK,12378,0.020903381,FALSE,**HUNTLEY MEADOWS PARK,5,34052,0.057505408,FALSE,FALSE,,
House Finch,640821,59115,1/1/02,3/31/26,FALSE,FALSE,"WML (Private/Restricted Access), WCBRAP, Verona, Augusta, VA-US",6669,0.010406962,FALSE,"WML (Private/Restricted Access), WCBRAP, Verona, Augusta, VA-US",5,8737,0.013634073,FALSE,FALSE,,
White-throated Sparrow,646688,55570,1/1/02,3/31/26,FALSE,FALSE,**HUNTLEY MEADOWS PARK,11775,0.018208162,FALSE,**HUNTLEY MEADOWS PARK,5,42875,0.066299359,FALSE,FALSE,,
Canada Goose,653084,61290,1/1/02,3/31/26,FALSE,FALSE,**HUNTLEY MEADOWS PARK,20188,0.030911797,FALSE,**HUNTLEY MEADOWS PARK,5,59360,0.09089183,FALSE,FALSE,,
European Starling,655379,83412,1/1/02,3/31/26,FALSE,FALSE,Dyke Marsh Wildlife Preserve,7080,0.010802909,FALSE,Dyke Marsh Wildlife Preserve,5,47394,0.072315408,FALSE,FALSE,,
Northern Mockingbird,667569,81171,1/1/02,3/31/26,FALSE,FALSE,Occoquan Bay NWR,8435,0.012635398,FALSE,Occoquan Bay NWR,5,19417,0.029086132,FALSE,FALSE,,
Downy Woodpecker,713299,63392,1/1/02,3/31/26,FALSE,FALSE,**HUNTLEY MEADOWS PARK,15642,0.021929093,FALSE,**HUNTLEY MEADOWS PARK,5,48000,0.067292958,FALSE,FALSE,,
Song Sparrow,719075,69344,1/1/02,3/31/26,FALSE,FALSE,**HUNTLEY MEADOWS PARK,12199,0.016964851,FALSE,**HUNTLEY MEADOWS PARK,5,44274,0.061570768,FALSE,FALSE,,
Eastern Bluebird,729191,82650,1/1/02,3/31/26,FALSE,FALSE,**HUNTLEY MEADOWS PARK,13019,0.017854033,FALSE,**HUNTLEY MEADOWS PARK,5,22617,0.031016565,FALSE,FALSE,,
Turkey Vulture,746414,104075,1/1/02,3/31/26,FALSE,FALSE,Occoquan Bay NWR,8517,0.011410558,FALSE,Occoquan Bay NWR,5,27104,0.036312288,FALSE,FALSE,,
American Goldfinch,826601,80847,1/1/02,3/31/26,FALSE,FALSE,**HUNTLEY MEADOWS PARK,12930,0.015642372,FALSE,**HUNTLEY MEADOWS PARK,5,46117,0.055791125,FALSE,FALSE,,
Red-bellied Woodpecker,911537,81602,1/1/02,3/31/26,FALSE,FALSE,**HUNTLEY MEADOWS PARK,17981,0.019726023,FALSE,**HUNTLEY MEADOWS PARK,5,60559,0.06643614,FALSE,FALSE,,
American Robin,936779,100880,1/1/02,3/31/26,FALSE,FALSE,**HUNTLEY MEADOWS PARK,13616,0.014534912,FALSE,**HUNTLEY MEADOWS PARK,5,62383,0.066593081,FALSE,FALSE,,
Tufted Titmouse,972985,91647,1/1/02,3/31/26,FALSE,FALSE,**HUNTLEY MEADOWS PARK,16886,0.017354841,FALSE,**HUNTLEY MEADOWS PARK,5,55538,0.057080017,FALSE,FALSE,,
Mourning Dove,986002,101474,1/1/02,3/31/26,FALSE,FALSE,**HUNTLEY MEADOWS PARK,13614,0.013807274,FALSE,**HUNTLEY MEADOWS PARK,5,66628,0.067573899,FALSE,FALSE,,
Carolina Chickadee,1008417,87256,1/1/02,3/31/26,FALSE,FALSE,**HUNTLEY MEADOWS PARK,17155,0.017011812,FALSE,**HUNTLEY MEADOWS PARK,5,61161,0.060650505,FALSE,FALSE,,
Blue Jay,1012159,98382,1/1/02,3/31/26,FALSE,FALSE,**HUNTLEY MEADOWS PARK,10792,0.010662356,FALSE,**HUNTLEY MEADOWS PARK,5,53816,0.053169512,FALSE,FALSE,,
American Crow,1150816,125703,1/1/02,3/31/26,FALSE,FALSE,**HUNTLEY MEADOWS PARK,14275,0.012404242,FALSE,**HUNTLEY MEADOWS PARK,5,55461,0.048192761,FALSE,FALSE,,
Carolina Wren,1201374,108729,1/1/02,3/31/26,FALSE,FALSE,**HUNTLEY MEADOWS PARK,18292,0.0152259,FALSE,**HUNTLEY MEADOWS PARK,5,73406,0.061101705,FALSE,FALSE,,
Northern Cardinal,1428186,132399,1/1/02,3/31/26,FALSE,FALSE,**HUNTLEY MEADOWS PARK,20073,0.014054892,FALSE,**HUNTLEY MEADOWS PARK,5,89398,0.062595488,FALSE,FALSE,,
Accipitrine hawk sp. (former Accipiter sp.),,,,,,,,,,,,,,,,FALSE,,
American Herring x Glaucous Gull (hybrid),,,,,,,,,,,,,,,,FALSE,,
American Herring x Great Black-backed Gull (hybrid),,,,,,,,,,,,,,,,FALSE,,
American Herring x Lesser Black-backed Gull (hybrid),,,,,,,,,,,,,,,,FALSE,,
Blue-winged x Cinnamon Teal (hybrid),,,,,,,,,,,,,,,,FALSE,,
Brewster's Warbler (hybrid),,,,,,,,,,,,,,,,FALSE,,
Carolina x Black-capped Chickadee (hybrid),,,,,,,,,,,,,,,,FALSE,,
Clay-colored x Field Sparrow (hybrid),,,,,,,,,,,,,,,,FALSE,,
Dunlin x White-rumped Sandpiper (hybrid),,,,,,,,,,,,,,,,FALSE,,
Eurasian Whimbrel,,,,,,,,,,,,,,,,FALSE,,
Gadwall x Mallard (hybrid),,,,,,,,,,,,,,,,FALSE,,
Glossy x White-faced Ibis (hybrid),,,,,,,,,,,,,,,,FALSE,,
Golden-winged x Blue-winged Warbler (hybrid),,,,,,,,,,,,,,,,FALSE,,
Graylag x Canada Goose (hybrid),,,,,,,,,,,,,,,,FALSE,,
Lawrence's Warbler (hybrid),,,,,,,,,,,,,,,,FALSE,,
Mallard x American Black Duck (hybrid),,,,,,,,,,,,,,,,FALSE,,
Mallard x Northern Pintail (hybrid),,,,,,,,,,,,,,,,FALSE,,
Muscovy Duck x Mallard (hybrid),,,,,,,,,,,,,,,,FALSE,,
Ring-necked Duck x scaup sp. (hybrid),,,,,,,,,,,,,,,,FALSE,,
Snow x Canada Goose (hybrid),,,,,,,,,,,,,,,,FALSE,,
Snow x Ross's Goose (hybrid),,,,,,,,,,,,,,,,FALSE,,
new world martin sp. (Progne sp.),,,,,,,,,,,,,,,,FALSE,,
storm-petrel sp. (white-rumped),,,,,,,,,,,,,,,,FALSE,,
tanager sp. (Piranga sp.),,,,,,,,,,,,,,,,FALSE,,